Sponsor Seniority (Years),Sponsor Party Majority (1/0),Is Committee Chair (1/0),Majority Party in House (1/0),Margin of Majority (Seats),Pre-committed Cosponsors,Proportion of Majority Cosponsors,Historical Passage Rate (%),Sponsor's Past Success Rate (%),Majority Party Approval Rating (%),Passed
39,1,0,0,27,77,0.9271237818644493,95.62918815133614,44.90377603699617,67.46280872283356,1
29,0,1,1,46,57,0.9699265253451909,37.66764404294625,45.930368821307376,42.33408486704795,0
15,0,0,1,23,32,0.5712604699370973,33.92406611738363,7.696918300801736,64.78164675436872,0
8,1,1,0,30,13,0.1430011226657264,6.2431327277780335,67.07650254430358,60.563823463155174,1
21,0,1,1,45,33,0.37454824337958126,48.6173654104883,82.12594203728455,39.91249771627628,0
39,0,1,1,47,60,0.797732263348214,10.90136156409287,24.465505460471306,31.453629932649697,0
19,1,1,1,23,3,0.36739072869707046,24.853982092742598,42.13008816333647,34.07389060569531,0
23,0,0,0,49,87,0.08701721830278875,31.694262176728138,83.88393367652704,59.13975735389761,1
11,0,1,0,47,58,0.5567849109281879,80.8826323491684,87.7120467662288,37.986789521625866,0
11,1,0,1,20,28,0.8451208514960348,87.54886503958966,24.317998026422593,44.85083682021575,1
24,1,1,0,18,82,0.7959263871435024,30.246631746146967,55.057063454136426,50.067966640257,1
36,0,1,1,18,5,0.17512314013035324,85.86981212445738,19.249315063582706,59.018726738006514,1
24,0,0,1,2,96,0.6727646144124667,85.72309373697911,10.187876413955655,34.529248930365014,0
3,1,0,1,4,48,0.2205042634356471,76.46509503848735,91.11205013919576,46.254656211098464,1
22,1,0,1,30,39,0.21820753455217223,14.669511401518154,82.05075042321091,49.40291636570782,1
2,0,1,1,33,82,0.8740717733051852,69.0322846900729,76.00349018031739,51.63308255886159,0
24,1,1,0,36,64,0.24966895274023015,94.50240645805688,4.876631881314042,62.734425655808664,1
30,0,0,1,18,68,0.2632473465180112,68.2540478767157,84.37287927102575,36.86712780172868,1
38,0,0,0,37,26,0.0006533907612995549,33.16168491078339,43.804407590538375,62.313258073064894,0
2,0,0,0,19,79,0.8706690341255177,50.05793174308313,34.23951232958596,57.715137107866084,0
21,0,0,1,47,5,0.7925948132091347,64.57250433510536,54.647636102537646,52.23483256795838,1
33,0,1,1,28,12,0.627328935090678,51.05704087285036,9.135324272355582,57.981114816102874,0
12,1,0,0,40,63,0.7502657639388423,11.995294173096982,75.66465493523988,46.48070955806625,0
22,1,0,0,20,61,0.1520485674244918,31.206404465202063,58.24350768882959,35.535903438724986,0
25,1,0,0,49,98,0.45832359458757543,80.23960305536325,18.659009687316754,56.63060961061469,1
27,1,0,1,33,18,0.3512193873487809,86.14180460955174,18.82321997690456,50.98689226742489,1
28,0,1,0,12,75,0.09377652625701649,13.730003271557024,18.424865157267423,55.57499202171102,0
16,0,0,1,15,79,0.4861304852149241,95.23867523987246,5.700238755193398,43.5199512411396,1
15,0,1,1,41,42,0.9207396503426354,32.88226178486093,58.77984493716848,66.27466309359343,0
3,0,0,1,39,73,0.04005911905069448,66.231373873072,84.0348177588508,53.49479474302308,0
37,1,0,0,2,88,0.2914609134937939,75.18251459566811,1.74982139873886,33.41609937163496,0
7,0,1,1,29,19,0.20754093620570346,81.19462346378835,4.900464497127355,47.99215962817715,0
21,0,0,1,41,94,0.23814665366569632,94.57497022259301,57.27702766869458,60.25424218974537,0
9,1,1,1,10,67,0.9084345518793753,31.29195480288226,81.94956853860523,61.7653824692909,1
39,1,1,1,2,43,0.4680690542342901,85.85064545515544,32.67388905686336,49.78388211055035,1
18,1,0,1,11,22,0.4662994129398188,13.168690343620703,34.96143988077222,65.78990283325204,1
4,1,1,0,13,1,0.7605756424552823,70.50409063535928,59.63464974967759,40.7067374877719,1
25,0,1,1,10,21,0.1544922040049258,74.19777295139859,27.4212889124147,46.423947889530666,0
14,0,1,1,14,56,0.4872653541000508,67.77232412013204,2.660836607768413,65.9438764227588,0
9,1,1,0,18,71,0.4299852141210597,25.2314736135153,73.52285181015961,65.85026865886316,1
26,0,1,1,9,6,0.5969106905466561,87.30431470152034,62.56499129414531,57.428510752987236,1
2,0,1,0,39,77,0.9995577032504386,16.8858463370395,58.07559990556591,64.3592218848888,0
20,0,1,1,28,55,0.7694488940820471,5.363479152083084,74.16841289918231,33.55093067824931,0
28,1,1,0,3,66,0.3978657030174272,71.74649906119122,67.52308375620375,64.59979904831106,0
7,0,0,0,20,15,0.827553052274047,47.54757152327337,20.588198817832115,42.82479626200907,1
8,1,0,1,6,82,0.17070836331248018,84.90980199586761,35.24810469433511,37.13326049712865,0
35,0,1,1,27,50,0.030463686308960125,38.3397141058259,12.6110141678625,39.57479345368185,0
14,0,0,1,2,81,0.20444837246427305,16.827858850771282,12.985701341788102,46.71874032055548,1
17,0,1,0,29,79,0.34041155611425966,83.64421924698698,67.61957463565392,40.04768018417869,1
36,1,1,0,38,71,0.5105807574595599,54.89096316400717,85.86001069824982,42.822703440659964,1
4,0,0,0,3,96,0.6151291405411998,18.91957923903549,96.27325838611391,35.39913944286568,0
2,1,1,1,16,11,0.9106057172144217,72.03839985864458,62.834711754944436,41.84707062235994,0
6,1,1,0,30,52,0.5098540095504577,51.111363848950056,18.410132336095696,52.891352581680046,1
4,1,1,0,40,74,0.5012756446257294,60.431298224031984,10.56503454489307,47.674148323642555,0
29,0,1,1,2,4,0.05024300982298213,46.089833820658185,81.28509715367578,43.86875044943645,0
18,0,0,0,17,26,0.03491155265622381,82.87089838180064,57.875647635999925,59.85808515428456,0
26,0,1,0,41,11,0.5511599619163721,82.95627156830498,61.82850210137198,65.7403988557327,1
34,0,1,1,12,16,0.4381786132483445,70.93888218243862,78.14620887547092,60.27156891609588,1
10,1,1,0,35,5,0.8391803949802986,10.540137739646227,70.32772277324516,43.28002808470717,0
36,1,0,1,43,96,0.16067958471184518,83.88538619040689,83.44582528560966,59.77768671350215,0
14,1,1,1,1,4,0.024971662117049598,67.10129805329098,5.621390545987848,36.07920729896205,0
31,0,0,1,45,56,0.44903876793012587,69.70241660042996,74.75206367465049,35.212719523651636,0
15,1,0,1,15,27,0.23747855675225749,36.298284040387166,85.08527573220954,43.82508148144636,1
8,0,1,1,26,77,0.04961437333883745,87.92795561570067,28.613504245831432,62.30809476176228,1
14,1,1,0,37,68,0.724598286847629,72.53716002348575,64.04472739932528,39.853929889692076,0
23,0,0,0,21,58,0.11159299995724747,11.259046652919446,31.416206383697208,32.530136355947185,0
21,0,1,1,49,32,0.6083195000077717,40.77780344061627,95.7971066482454,35.2683814082542,1
16,1,0,1,31,61,0.28104975016688916,88.63803619601417,3.3423572435503757,64.3497987411832,0
18,1,0,0,25,49,0.17349605035502202,4.719670169737899,57.97928438329551,55.351331389891506,1
24,1,1,1,23,18,0.37975152291931746,96.14166196420496,16.65035470495151,40.12804653479907,0
26,1,1,1,24,85,0.8014457762229537,67.91625683195628,71.22202051771586,52.211833013127254,1
25,0,0,1,38,68,0.3920935769045727,63.13759776433766,17.589028341866207,51.10318489701402,0
29,1,0,0,28,65,0.7507696492110557,27.05592564879914,23.538326189835757,56.21743913762645,0
15,1,0,0,21,93,0.1254862967991507,24.879178873917706,49.43708110457581,39.327502176864655,1
1,1,0,1,43,46,0.7727714196650791,94.20582194885955,91.4834949996878,64.57611948777591,1
25,0,1,1,18,38,0.23693332490664865,29.827245423412275,21.171437214797084,42.374742483200514,0
7,0,1,0,36,67,0.6773931298888728,77.55052967189994,14.424002111810353,57.765266159049474,0
9,1,1,0,35,32,0.5657815548409963,39.31217982070792,75.89768318540307,30.644985854888596,1
24,0,1,1,45,12,0.9291447172116873,13.925407078470398,50.0619532333931,44.90628519576589,1
1,1,1,1,9,83,0.38732251797531403,1.071529769535895,91.17851123817714,44.06839271835233,0
8,0,0,0,38,53,0.06616518883444045,54.42573370152508,14.661455715984228,51.73937714332058,0
24,0,1,0,30,6,0.019155485551252904,97.57788185489326,64.59278930230393,32.90945047108786,1
11,0,1,0,44,78,0.8268585609727531,36.91361938092045,23.287914615181503,61.60525494904434,1
17,0,1,1,34,86,0.5247356376614322,35.719233399304485,15.67604286516393,38.71123207070274,1
8,1,1,0,32,13,0.7752440518349493,34.40916178494421,68.34294151572705,57.08151259528041,1
35,1,1,1,3,86,0.2344256000115147,52.054383730485846,59.36846199087332,62.12848492976373,1
35,1,0,0,3,18,0.34508374551323373,44.06648834242935,75.48274583623312,52.47507824966053,0
33,0,0,0,28,53,0.03010387221131894,87.99146267270145,30.946257644618235,59.63532826887942,0
5,1,0,0,44,92,0.9614923245741122,50.55207917234903,44.79716563821899,56.47441248860022,1
39,1,1,0,15,19,0.6678679067008134,50.77578381885688,40.547167633041845,44.221191886080305,0
28,1,0,1,41,28,0.9332050877593062,13.83715947205566,98.40894639665142,62.354341561342615,0
7,0,0,1,23,23,0.2654964074290723,98.27395409103859,29.22489567393879,41.78805479542112,1
9,0,1,0,40,81,0.6114636112256608,24.99728908688297,29.481723834676686,52.848516710060686,0
8,0,1,1,11,62,0.6784999682926378,7.336406745960266,35.45482088286074,59.815909565661585,0
12,1,1,0,48,73,0.31754970025758844,66.31462489752089,56.45940812903215,45.1582363925003,0
34,1,0,0,32,56,0.8481092350156301,59.53663701568727,25.232274426374524,42.110704304697,1
33,1,0,0,36,7,0.9471614629002478,41.514565399274574,91.52899403792739,48.373840406912905,1
23,0,1,0,33,89,0.8848551176960043,42.2192233880678,26.56855648662635,62.71853977396614,0
24,0,1,1,24,61,0.7390669759393725,78.50639210464311,89.58157315601947,67.1968705258266,0
37,1,0,0,39,28,0.27746467972495403,19.571264009964906,10.347506364658464,51.80333651439561,0
35,0,0,0,34,73,0.28161604210563174,82.02533189448897,65.65627023996524,56.45864821294607,0
22,0,1,1,28,16,0.9633603204460379,64.87471138950181,90.69855184382438,66.13094488955656,0
27,0,1,0,37,65,0.010284495935692028,41.89697737795244,16.874943839822954,33.9418740565177,0
35,0,0,0,7,5,0.7160499732421445,45.80286165838686,96.8326960099255,39.283143114646606,1
1,1,1,0,4,57,0.7062461625552622,25.66472071860958,45.28833604155117,58.356000250063296,0
35,0,0,1,37,68,0.6226895409497974,75.21143326969748,94.57151084410245,62.949778476491986,0
37,0,0,0,1,27,0.9901088460868658,51.287474230526776,67.6820043630047,64.28116113322312,1
14,0,0,1,1,61,0.31187943576372523,32.08545427498436,30.158686987355154,46.6042870741973,0
3,0,0,0,47,40,0.3399718637932482,59.60501157609502,18.83025249171064,33.57359609167467,0
1,1,1,0,20,68,0.07893940294655555,99.5734452051323,30.37350462250994,47.5112590919848,0
5,1,1,1,19,81,0.44279813654373745,43.52622796565539,9.301740926267499,39.22938360828215,0
26,0,0,0,29,89,0.2610485262348481,92.06914007786196,14.386796634332978,41.64785819986497,1
14,0,0,0,10,83,0.3433867021776442,34.50168399245661,10.466044034648114,60.89070227350023,0
39,0,0,1,18,40,0.8345717902556277,5.4732706924985886,42.29435437415577,33.02108344103547,1
27,0,0,1,28,48,0.9354845135274957,20.424210636842886,79.55783762575864,63.10324869922808,0
9,0,0,1,35,90,0.18573307200518563,41.86951433276842,14.138355421634019,47.10676343296676,0
15,0,1,1,43,48,0.37250893155346587,21.963492859456903,13.032043317233589,53.8425572440238,1
15,1,1,1,47,75,0.9286305621153941,0.02270382182555375,64.34289495173307,33.58608924942716,0
26,0,1,0,31,70,0.06180846068922263,91.50015377475272,19.71829819680663,43.494363134291184,1
13,1,1,1,27,2,0.09236052811137851,84.3879411230929,9.76100381089916,33.58803676059383,1
32,1,0,0,11,9,0.16279098920622936,74.22922314869471,16.684857820557763,68.46174891524439,1
39,0,0,0,49,97,0.5952128341268748,16.781459564602862,92.37313958767761,62.29046597305002,0
32,1,0,0,49,88,0.15047227100599747,12.036357620998606,82.14712527761908,48.38531017425841,0
4,1,0,1,38,34,0.9680763814507335,6.760474947238315,35.40645623550941,38.94410193294684,0
30,1,0,1,5,79,0.44671452725852034,72.40291887729212,65.58207673273928,67.33820420999409,0
37,1,1,0,8,1,0.5015179603501664,92.88079606878853,53.72756736680381,43.78386382907887,1
23,1,0,1,34,23,0.2466586158054065,43.053582091303696,67.7124263482564,36.43937726749499,0
39,1,1,1,48,73,0.4709602524347335,11.914067199604816,68.26711524627594,52.5265755381582,0
15,0,1,1,12,37,0.6619136326370115,51.23928207321066,62.8734015059993,67.75096481379265,1
29,1,1,1,38,21,0.7511771369540428,34.88319074586301,26.610136853730857,30.153211620012904,1
36,1,1,0,1,25,0.753868082709913,37.48249243499977,3.900642076281813,39.52499373015995,0
13,1,0,0,31,42,0.5778911126940883,62.13306241557073,45.55667819901088,67.53790561641631,1
32,0,1,1,4,54,0.9043597749938572,71.87181132622024,89.09738846907038,36.84343867428648,1
7,1,1,0,49,38,0.8174078473061094,11.060359887316086,56.94972585185759,34.529738065592795,1
22,0,1,1,45,90,0.7570481146986254,3.5590230806476386,83.23910417019079,52.80748863199218,1
28,1,0,1,5,28,0.05560552168046062,99.43303026857149,99.16243429612281,64.4737529317932,1
2,0,0,0,30,19,0.006877962219649314,23.272834891555185,16.361620413827627,49.08439270775705,0
6,0,0,0,24,90,0.21244727719547296,5.383052490845907,69.17776391419824,69.78257026738099,0
28,1,1,0,3,40,0.6635235939134523,18.987532909591998,67.42935737000246,57.166867981519715,0
28,1,1,1,11,53,0.4111974888825458,3.895784634846422,97.99554473582785,32.96299628841791,0
20,0,0,0,45,19,0.40240625929931173,39.181089461717164,98.56007339528003,69.71328526727902,0
30,1,1,1,4,18,0.8845868882296137,80.24017844513243,68.66786117241294,46.31576947120762,0
11,0,0,0,26,83,0.8955628481318387,34.124444975772064,24.361479198219428,41.4961013538193,0
28,0,0,0,27,98,0.9091752640535857,44.418340687836654,79.85558381305991,52.31516734311542,1
25,0,1,1,46,65,0.3138780765150273,67.55867735674389,10.70291342110381,42.17230367283457,0
39,0,1,1,43,29,0.6910558127392618,50.889407006988016,78.06993041716287,33.45830028480609,0
33,0,1,1,27,52,0.27163318127436964,86.14456860213242,91.01961241446965,30.05713372316707,0
1,1,1,1,42,33,0.19060983307444979,86.60356750457565,38.28333947684352,47.9833341168105,1
27,0,0,1,6,21,0.18463245734736922,0.9910695491153643,63.06352949830804,63.47453688906369,0
13,0,0,1,15,66,0.34210762086359403,77.80463064831991,43.01427320968263,52.89260742520306,0
3,1,0,1,30,5,0.4299576197798217,46.073360024167386,43.776505498812845,69.96829195773763,1
39,0,0,1,42,78,0.8309491710550684,98.88405413036631,31.037088910812006,41.473865825888,0
6,1,0,0,37,26,0.1198910934727121,48.323207587543514,76.21296204503246,41.218202590402214,0
8,1,1,1,37,9,0.7349258473948942,98.68959453882975,93.61765641665052,36.38997840935777,1
27,1,0,1,42,72,0.5314549141893053,75.45693612057366,94.07508592344611,36.56254353061341,0
9,0,0,0,37,96,0.2879453426759925,24.860488461330633,17.478128487493382,41.40746384040192,1
37,0,0,1,35,95,0.4928195845328246,53.83949792869577,87.4743649656566,61.713601810941086,0
33,0,1,0,23,47,0.29994206977702265,99.21356394785828,73.74314414271221,66.23027162545792,0
24,1,1,0,6,69,0.596081955238306,85.75306077519237,25.283740069028926,69.00348678830724,0
15,0,1,1,4,58,0.4338439228552442,9.73668937912211,6.728461292151455,39.291586163858106,1
32,1,1,0,18,99,0.16440552907887873,70.6371996809996,26.799726688437797,65.25190182456367,1
32,0,0,1,9,58,0.11658307455569672,34.5579585870813,91.22082367815256,43.13020357109348,1
24,1,0,0,49,1,0.5466956820721302,0.6982261880348117,63.31786748957723,34.51362178067538,0
12,0,1,0,29,28,0.9024130332861034,40.34809690269996,72.10546608978719,64.80099702080662,0
39,0,1,0,13,67,0.34395768655768555,23.47544217249713,25.715235110909585,55.444225385744744,1
2,0,0,1,47,64,0.7330001072226232,81.88692705204716,71.93881555748203,36.58923584324247,1
3,1,0,1,17,82,0.658661354939767,33.733060884576545,2.812150627792376,47.193250300520106,0
37,1,1,0,45,25,0.931554914309481,82.7523693953817,37.53213457730138,41.49030779508271,0
17,0,1,0,32,88,0.8209810172991409,0.05979388347953085,62.67533485423312,59.471782748407875,0
2,0,1,1,48,9,0.566605258905463,30.781915002611914,14.609656554132023,48.136649224970725,0
2,1,1,1,22,52,0.6570304982341073,24.116521430776196,82.30035744469347,69.5711978042554,1
28,1,0,0,4,78,0.8983864665840349,23.3567361068611,23.503129881191864,32.1897992903838,0
23,1,0,0,5,58,0.3995187845869348,6.81866197654627,65.22811128184462,44.20061064544987,0
37,0,0,1,37,21,0.32679470585777737,18.712427041050173,40.51971425753297,49.27600668439909,0
32,1,1,1,41,50,0.010811083635196339,55.55495698856199,59.604359547764716,50.125342189932795,0
33,0,1,1,49,47,0.8265510741914642,29.13610728377445,10.745055262890812,42.63743289542547,0
1,1,0,1,13,20,0.8009807004033649,41.73947823291479,1.6912799921607324,59.16960996390272,0
19,0,0,1,34,21,0.10445451810015138,37.68668803471885,90.95644273803012,64.98988293955898,0
2,1,0,0,45,99,0.5768573811327002,87.59049249998945,26.96300087671828,67.54877207911451,1
26,1,0,1,22,97,0.4639816981668874,90.52989990105155,81.96770027804591,62.20373507198105,1
32,1,1,0,23,29,0.11870909550911146,49.295697165586006,99.93503004722002,64.02320789226397,1
6,1,0,1,3,24,0.9805682270607236,33.01559503156044,21.143125799891116,52.02181202479982,0
32,1,0,0,42,27,0.21469588746335544,10.680070400236364,26.51707411833556,63.03552905707258,1
4,0,0,1,34,64,0.06723418009056115,95.3402879382095,66.28597876346657,42.14015636591809,0
11,1,0,1,32,44,0.5948473795019096,6.022694490029745,96.54486346006212,45.939150484368575,0
17,1,0,0,45,67,0.7388666771330327,29.765027756828044,91.58143481907439,42.67652055274177,0
38,1,0,0,49,6,0.03244344604718696,29.806620117000413,50.28755200655849,48.69549341791702,0
24,0,0,1,21,48,0.6587176387270222,32.04012861402149,79.51102825267246,41.423184649545455,1
5,1,1,1,46,8,0.5322918759514544,16.428684327240926,13.574585309990105,68.46445769017788,0
34,0,1,1,44,35,0.10326500887504841,78.31614309236971,97.74381842040123,42.51378512022673,0
6,1,1,1,21,82,0.17252387694636206,12.249786196598922,96.43532340359864,33.92178152443759,1
22,1,1,1,44,0,0.5679742973160805,63.49066591531628,16.372895787917095,51.072686642016535,1
11,0,0,0,11,9,0.2963576135132884,12.384602670581746,29.94231248031066,32.283963137807056,1
16,1,1,0,39,35,0.9383157286513161,7.053563759295656,10.015499750676693,34.421726652343224,0
33,0,1,1,4,72,0.8187402294840508,90.94295036858765,27.17175988981797,38.775575567849856,1
9,0,0,0,1,45,0.983567206513663,19.01287663187057,81.59557894152066,48.574009995285664,0
6,1,0,0,28,31,0.259670838950414,82.12501545597043,37.83156071652595,47.33003729236111,0
16,0,1,0,24,31,0.969723632797977,54.46308711071358,8.839696714675839,61.98767448011165,1
29,1,1,1,35,5,0.43123386979155787,7.78565196087696,34.22255247789045,59.57898615536453,1
3,1,0,0,13,47,0.3475187953137546,95.54481914380675,98.138333424128,47.05273175962805,1
20,0,1,1,47,37,0.05034952696935324,24.696116699189254,62.96835952592029,43.3481683030252,0
36,0,0,0,34,16,0.05276525785960262,85.96453453526065,41.61609464061578,42.658751362459945,0
19,0,0,1,11,73,0.6920112559466547,16.88100057845642,16.653851349727,60.95980349176036,0
26,0,0,0,36,26,0.4579289944340279,85.39428821418528,98.61767972836948,32.08289624885079,0
3,1,0,1,17,53,0.2265216260361057,1.3228812905293985,82.08490092631287,30.512865980424234,0
19,1,1,1,35,49,0.6139703063252326,51.178045656948065,28.14773024509194,61.82177567706592,0
20,0,0,0,18,34,0.2528581182501112,76.94425794215569,7.006869572118946,49.08585503956197,1
32,1,0,1,40,84,0.5776317543444226,93.47955174927833,5.662555737755803,35.23524554214304,0
7,1,1,1,22,24,0.35920874698269034,90.92021362064871,12.037814950553383,39.42263738378005,1
33,1,0,1,24,27,0.823552226611819,81.96248695476449,58.07685836144216,67.3001581238953,1
39,1,1,1,19,14,0.8206961607667793,88.8191349661304,92.87634212054924,64.38011902499592,1
18,0,1,1,37,3,0.4773503981224013,19.92196858370765,49.674342800598446,58.391402008958906,1
1,0,1,1,39,92,0.3508191093350156,28.418429571172876,84.29454824561972,49.28900921349306,1
11,1,0,1,21,72,0.36255979655909454,28.89685249210585,44.588661985980785,50.81294504765543,0
28,0,1,1,8,26,0.8057145256682179,37.70539310016988,70.85835457678252,69.00978141135835,0
25,0,1,0,28,25,0.328179482797612,39.33206703851887,73.18727372865008,68.63081775537148,0
23,0,0,0,5,18,0.20905937370684602,54.45553246546755,17.396370590333866,38.61076183143337,0
31,1,1,1,17,91,0.08468834187530683,15.987976336644138,36.121605897581176,62.444182652212724,1
30,1,1,1,37,16,0.4666931208844084,69.12466637859893,63.73021565380239,37.88970664668067,1
35,1,1,0,36,42,0.4821320989198419,16.75665393045065,7.069660818436619,38.54149911535806,1
7,0,1,0,19,40,0.8409087104029072,31.030848210454753,36.15401877629566,57.04372136658307,0
16,1,1,0,27,41,0.22123869644606398,50.33451306061541,53.479946628119244,46.20004394350194,0
26,1,0,1,34,49,0.3809912736683999,79.64405615234773,99.62244930446387,67.2617762842608,0
2,0,1,0,11,83,0.8084057388936909,73.94692332387272,47.45335626224407,33.56038939584035,0
1,1,1,1,45,39,0.8236236107489735,64.55343564105223,81.60567571143235,50.46102563237972,1
12,1,0,1,47,38,0.3846110759787682,15.577326058017016,43.206728506661776,66.74086121772484,1
5,0,0,0,12,22,0.4591240232866809,54.70453456155777,79.6390722619709,66.1645464191802,0
37,0,0,1,21,95,0.3032858908492829,8.744650179988545,59.54148016201084,36.26116853662965,0
32,0,1,1,11,51,0.9325548784193121,37.73631767966508,88.65954415023984,44.66550800385826,1
9,1,0,1,39,46,0.11864376574158031,41.35165302899592,41.09425523501099,54.76485600186785,1
35,1,1,1,28,62,0.93374942300147,3.9811439445753827,60.43044198214788,36.375795390856084,1
19,1,1,0,5,96,0.6838664518353432,27.398809946997183,63.00186806188274,68.72088688182956,1
16,0,0,0,17,68,0.5315721526867312,95.56494672664894,41.73829418004733,66.58997314910641,0
3,0,0,1,20,42,0.032659060784495875,95.36326078296895,14.431204368748151,36.678007161378765,1
20,1,1,1,41,47,0.4755961918220083,35.23270542525393,9.355940691233556,34.846218450439416,1
24,1,0,0,46,33,0.4077481050027323,4.310010894832406,1.66715505996331,33.416339312330614,1
33,0,1,1,12,39,0.16121881197512256,17.909493932818155,87.35342642452146,66.37774656146524,1
24,0,0,0,6,74,0.6564096035006569,39.221779343354015,23.647491223869455,37.74495239181843,0
11,0,0,1,17,60,0.9711509073682858,94.77796979692297,21.150674928176805,46.65139714177419,0
8,0,0,1,19,49,0.5621888110645251,14.119906353718491,73.60354004260655,47.95405462608012,0
36,1,1,0,26,66,0.7147532764439458,76.35158436682123,32.00161130873917,53.9604417685427,0
38,0,0,0,48,61,0.06845045256601678,10.868253937469207,50.60446924118366,32.869413749897,0
20,1,1,0,44,57,0.41766699581699473,98.12575773912768,16.25110652974563,39.07034469602064,0
35,1,1,0,44,32,0.11635848516449587,38.161649910913496,95.97457214619692,67.25961547675703,1
25,1,1,1,32,74,0.6127958355365104,77.5234538899056,85.15814000172374,66.33640429074278,1
35,0,1,0,6,15,0.9384821582141546,34.259108281113186,86.37896229650033,61.25162589622769,1
25,0,0,1,36,81,0.6617777324716385,62.76688771588087,40.67737485720052,30.776049824728616,1
29,0,1,0,38,93,0.07680304831442153,19.201608474003674,76.23612137071729,43.08027073984408,0
18,0,1,0,11,47,0.35466620498508283,14.602101929696254,14.387615538978016,55.11834941371632,1
18,1,0,1,33,9,0.5506633794408515,93.80641395681313,0.8619002591780278,41.007608470939026,0
2,0,1,0,24,81,0.4032077561332522,91.76472779044335,1.9972932578028124,66.3834678021511,1
35,0,0,0,23,37,0.8336440104751723,88.74689402128824,58.660173740456045,55.355578473297676,1
16,1,1,0,15,18,0.8146710047099892,62.543345016659345,45.53949052479408,32.876268692657824,1
36,0,0,0,27,35,0.6118310201032214,80.82682112162783,51.801534890851975,66.36022355342811,0
33,1,1,1,11,58,0.37345794513270525,6.903693691137491,0.7463140417219405,68.31066632704889,1
4,1,0,1,17,62,0.25533637376324414,33.47890418906792,42.268661965742574,33.10849673566902,0
33,1,1,0,14,76,0.10587431821312931,31.37031247571562,71.80681612008608,51.2944093944526,0
14,1,1,0,27,45,0.35489768348655404,63.56453219526132,44.26937019674359,42.13457128856682,1
21,1,0,0,18,2,0.4131725172077195,35.59577734706405,73.22192063122223,45.713563059256096,0
20,1,0,1,28,73,0.6758229251040736,14.85067816436808,23.30189643968348,37.18604871821368,0
8,1,0,1,47,64,0.6581598242975735,59.646707541354374,81.31420044817254,53.122884080496505,1
7,1,0,1,47,90,0.07010813964125695,81.43839206690815,58.84312404534523,68.31917412995563,1
3,0,1,1,4,7,0.3952593154311578,38.21234944599732,21.076309942990623,50.12290401086436,1
17,0,1,0,7,50,0.18177886721736192,13.22687150984817,23.672047585383293,33.31658325577925,1
33,0,0,0,45,80,0.1568127053168057,19.668819731282305,62.8030464569537,54.80005333909634,1
12,0,1,0,35,72,0.8273021497372459,23.7483305169384,82.99395932124433,43.60891977805028,1
22,1,0,1,48,5,0.04191521671625753,29.989759299453624,41.56277820291552,64.23700758365192,0
22,0,0,0,9,88,0.41918287590212133,64.27950705063091,25.83004291275922,47.387125932658805,1
30,1,1,1,8,38,0.1682036557665182,60.0945484537719,86.70116069106004,37.713584357689825,1
38,0,1,1,45,59,0.879330215678474,69.60798615670392,66.9268291750835,37.6442249076458,0
38,0,1,0,17,27,0.5570405132750351,36.25019845315131,44.80854872830765,60.750567228846414,1
8,0,1,0,17,96,0.23138063637684803,82.39976518799783,48.790019527930184,40.6235039322944,0
27,1,1,0,49,53,0.5024272871663764,20.40876611557603,20.42564679363964,60.68933576636892,1
27,0,1,1,33,36,0.7314863597031158,46.90407475181539,62.680263006484395,38.235492430663975,1
34,1,1,1,32,8,0.9581180089194338,80.09387215414303,35.87425105428886,42.867454748052374,0
21,1,0,0,8,81,0.22044600424541894,18.015864773261924,99.56451766743493,48.619478897587975,1
30,0,0,0,19,55,0.8861817721293451,10.986311374078294,48.01835152618879,67.72783398773802,0
33,0,0,1,38,58,0.9343041141674903,88.36839676879897,48.58856061896132,67.26925699015298,1
28,0,0,0,3,84,0.9164205445320662,34.29296627591959,56.58517874106719,38.274875016891514,1
33,1,0,1,5,1,0.6354143568619098,68.3870124909032,91.67560031187467,44.328761649722914,0
5,0,1,1,13,60,0.6298206544347077,2.534860426393848,80.08180998597503,35.97597553815089,1
19,1,0,0,47,57,0.4032106331838228,69.00468884094497,45.113006979784146,50.399403172539884,1
4,1,0,0,46,59,0.7523978823037879,31.61013115469705,71.8699265972796,48.42330202778666,0
35,0,0,0,31,39,0.5312940183509319,5.574085358744174,58.62354987807616,66.0304064980293,1
17,0,0,0,16,35,0.6774380712282945,60.9812761548117,49.23670487012489,67.2002151116429,0
28,1,0,1,32,36,0.42845790384879545,24.080381607317324,19.231577278435054,45.34269564029168,1
30,1,0,1,22,78,0.7314964640431391,38.680724205188,46.39362634548909,49.66951772075958,0
29,1,0,1,29,91,0.8244715176045491,8.058081228651359,24.581858702257463,65.84944996584532,1
6,0,1,0,22,17,0.14643625660281612,14.716325109494532,91.48421498516547,62.26831230980246,0
35,1,1,1,43,97,0.832929715574228,29.797723549584376,33.540681349634696,30.14625245378597,0
37,0,0,0,3,62,0.5402965317903072,8.975950056015714,95.22640145333723,42.8023825673433,1
24,1,1,0,10,21,0.8446659090902243,91.08262646863152,53.30552900947112,46.87096967744503,1
29,1,1,0,42,10,0.4313017063410146,0.6047043183978418,63.15443786761603,39.18865134732927,0
31,0,1,0,21,57,0.37904048538303503,48.38602188643114,54.29404444893278,37.98286463583755,1
35,1,1,0,16,56,0.9150607325172224,12.324745813255145,12.93806169667009,31.511380263827185,0
33,0,0,0,12,76,0.2511692675484013,30.767908947794854,37.5821219007941,55.73478900279042,1
21,0,1,1,2,3,0.8442123252861431,92.60595598182655,9.914611227762393,40.50041161932663,1
32,1,1,0,41,85,0.4840205725094041,16.169455327398687,62.29540441833817,32.09388713725252,0
23,0,1,1,24,6,0.5140954425512597,96.58323197183326,44.68741952004389,39.23917242112255,0
33,0,0,1,35,60,0.308468281489484,20.579437698942172,77.79849715709368,62.07655811344506,1
3,1,0,0,30,53,0.5730422006190157,74.15661084668295,22.047048099936983,64.05956726586186,1
18,0,0,0,30,87,0.3252111962762113,54.66772648973117,16.45660584293349,49.322649807732105,1
25,0,0,0,47,67,0.03926941424165231,88.44787275967592,40.63322309637678,46.64282681634745,1
31,0,0,1,35,91,0.27199860534435605,55.399325550313094,92.65853832183811,69.11414774007127,1
3,1,0,0,19,78,0.006379043406590679,53.45592191563087,71.04218150124117,38.02258638352279,0
24,0,0,1,8,0,0.9783547870568566,19.54580003683999,41.89236247929187,38.61437131418434,1
32,1,1,0,26,54,0.9657472098197475,16.62293620516587,51.727216975431055,41.674687081455986,1
22,1,1,0,49,2,0.39515529747230504,91.64891511155142,8.421301117709834,36.910292731243494,0
23,0,1,1,40,77,0.728370854339646,32.78381988500341,98.4575896376113,45.17462392816746,0
2,0,0,1,7,37,0.345806098410425,37.20822549628959,66.6407304694919,66.43336907959015,0
27,0,0,0,30,0,0.671093157085976,75.98236584283885,28.540406846342247,54.61391362514297,1
2,1,0,1,7,37,0.8054300430459791,33.882348242280734,58.58083942152443,46.47786194449054,0
26,0,0,1,3,84,0.9467562446922407,95.20624466390028,10.948236606899398,67.37643178284858,0
17,0,0,1,1,28,0.400212275849672,73.79277689988002,96.58366688075836,31.938569299032892,0
33,0,1,1,36,4,0.7832979829560477,59.742924257342,17.478498788336594,38.41104711607446,0
9,0,1,1,25,73,0.2659284506321188,88.08951605447525,64.80303180552141,52.63554420407036,1
39,0,0,0,37,91,0.9903323037936483,4.960590834948276,24.545446253893044,54.622104927727165,1
29,1,0,0,1,20,0.025769598764351143,25.706269218920873,71.75613826485358,31.582300262504525,1
26,1,0,1,15,70,0.603528806501121,46.50363342209099,77.68213672402811,46.12155031628529,0
35,0,0,0,37,66,0.6595059816513271,22.6978539471521,67.34197289114327,55.96615859323491,0
25,0,1,0,13,46,0.6880455570741288,74.39051873021519,61.44994602551925,57.92282185613607,0
24,0,0,1,40,83,0.12038757878908901,91.92080310537251,89.24690939520117,55.52559610065077,0
13,0,0,0,8,82,0.9385297834731304,42.37701199309234,7.862671098975804,42.82252897443698,0
7,1,0,1,5,34,0.1811832790500828,34.2132600111895,33.09147657801952,33.74080494391638,0
36,0,0,1,9,67,0.6227534032398411,96.15507321375662,24.828747963084595,47.08449785677337,1
20,1,1,0,1,68,0.22267607912308496,44.485243282754084,98.80139620654217,35.15017749472222,1
1,1,0,1,36,0,0.3072164170212709,48.90484004492832,38.93897796668735,67.90494634082668,0
8,0,0,1,35,67,0.5464585417281244,35.164987234190534,73.26126992403988,49.006834640905126,1
16,1,1,1,2,11,0.4171934185645765,90.95484730121383,68.47251638810046,42.6903669742747,0
14,1,1,1,40,59,0.1602256009765063,56.89554832818507,21.208123747737773,60.652162844756006,0
12,1,1,1,23,26,0.1709364024208483,76.21745871816447,23.899768021155133,49.917943703290554,1
23,1,0,0,9,55,0.41814478816279965,81.18067183508863,28.12845635530341,42.401360960498,0
15,0,0,0,34,22,0.7572829782755007,34.18490419172582,41.112727825937924,62.47870969563207,1
28,0,1,1,46,24,0.8979646468477885,43.369433132038004,23.43250656505268,64.68608604004487,0
34,1,1,1,14,20,0.08412766225938284,84.84717744062647,1.9651482746847804,56.92032665154708,0
2,0,1,0,4,60,0.39310390755940106,36.32553516758102,87.93930568071954,31.87857689630669,1
32,0,1,1,30,62,0.10024556372287663,79.39351334518513,96.5609831380884,52.652915206661284,0
23,0,1,0,31,51,0.016592480632597884,94.09923225744372,34.15703870315679,60.53179647989126,0
22,0,1,1,38,87,0.6617186826439566,62.3210373068007,33.85068794254729,35.46012048334329,0
25,0,0,1,11,24,0.6024494419665878,74.16272874518889,0.7091812774370987,39.146830055384136,1
22,1,0,1,35,54,0.1630191138148862,80.50973120411349,68.02506883303741,65.29980420272545,0
22,0,0,1,8,45,0.2338128330930641,84.50396488966425,82.54398957486288,30.80486887412296,0
6,0,1,1,3,31,0.02370775364451838,39.505333785679596,14.660830036000316,60.10908551303904,0
15,0,1,1,14,54,0.8349472056944037,5.126345917599817,15.966634936715074,48.950931700576916,1
37,0,1,1,13,95,0.9746905960485515,40.187627123673956,79.00832499714377,47.870886353584275,1
33,1,1,0,45,4,0.1354595367946908,67.37562297840898,61.629074835414464,30.283861299795486,1
8,1,1,0,32,35,0.23147521376529812,45.03503857807928,4.486055762771701,62.775929238659714,1
5,1,1,0,34,48,0.868409523946934,74.89631508603985,62.25469904622817,44.39299602546266,1
39,1,0,1,45,57,0.9264637979561848,35.69824294686639,30.891772284376607,51.630625252021716,0
4,0,0,1,19,38,0.41962738280681033,63.474414110402954,36.872515547084596,57.092027453426375,1
6,1,1,1,38,79,0.050622472269074126,18.641980485397458,76.97314182968802,58.10518305751663,1
32,0,0,1,16,96,0.0393918336928194,74.93694366449569,81.09351926726106,68.23920235304288,0
30,0,1,1,2,84,0.5739498660690104,54.56959688130259,40.03566268398306,51.253598129464365,1
35,0,0,1,40,60,0.392895108893179,20.40643885466006,94.71529360063548,45.98878203897711,0
16,0,1,1,17,8,0.028652427577654516,29.191117349780725,40.64627179520722,68.14814505966831,1
13,0,1,0,34,5,0.5832523923125568,74.86087085818323,77.18360352301099,55.684409401020844,0
30,1,0,1,42,34,0.011302536589022472,48.26012356615207,48.38772645642591,41.92601425106223,0
19,1,0,0,16,38,0.787371958149273,21.60314403930722,89.7532326522084,35.05856981614285,1
17,1,1,0,38,21,0.3064328227033716,96.72711903702977,90.77612436501786,63.702180058607254,1
19,1,1,1,2,40,0.0402580030092321,71.51250198168879,8.741680787108386,44.487264111766066,0
28,0,0,1,2,4,0.5883522209831533,95.71348325397962,93.64933313102257,56.418788854577244,0
26,1,0,0,26,41,0.3976844144330547,42.71050453603432,82.55348415204156,48.83265677463592,0
37,0,1,0,13,86,0.9738004133571495,47.51003406917205,79.13107143126669,37.957191191801535,0
26,1,0,1,47,80,0.5441986625037022,89.79552161850192,20.091133968552242,54.0674643448186,0
23,0,1,1,31,75,0.2752391810370083,52.504934024538464,80.51192087546649,32.427322758027294,0
9,0,1,0,34,86,0.7094388646339748,70.72789119056672,85.01327346850368,46.53369839484769,0
12,1,1,1,39,79,0.27149200254271133,25.217287749552998,28.915033445415094,51.86459758654684,1
1,0,1,1,3,66,0.9042432914075651,44.67264687026405,95.22600783623237,47.44187896474316,0
1,0,0,1,8,29,0.37472197050737643,12.34498658103551,4.986014639916425,59.94688701003963,1
34,1,0,0,23,56,0.5498685627762052,20.59800358769617,14.990925324713967,63.1169981818125,1
32,0,0,0,14,85,0.05057310382422886,0.0943415267631087,53.75811380515143,60.84972296132712,0
25,1,0,0,27,72,0.4261212379522308,3.926505164866023,57.579247112230966,31.552517912472084,0
1,1,0,1,29,28,0.832363539660995,97.72838231769293,64.51500833009034,37.76515081783889,1
16,1,0,1,39,36,0.8056488053633419,24.23536951367623,1.6969129315466458,51.46430037055097,0
39,0,0,0,39,86,0.22431855885352625,66.33107095040019,96.03667746221302,67.39288161775205,0
5,0,1,0,1,12,0.22607907101056268,83.90996987996115,4.458809273414399,63.39827100208468,1
22,0,0,0,17,31,0.8173053122132368,55.066045923656425,14.306195272340238,63.70138033407207,1
29,1,0,1,41,45,0.9303984201693255,15.31445000839562,1.401451752605698,42.128327750386994,1
3,0,1,0,30,22,0.09536092127300355,72.81164373361663,56.685843329409465,47.1779158831481,0
12,1,0,0,13,44,0.45005863942622526,60.025141009958304,93.22668839209723,48.828237892637496,0
26,1,0,1,21,16,0.33745427896422897,73.12505893473751,66.59471660804643,36.29486333399642,1
16,0,1,1,19,84,0.8706884554574393,76.97466228570872,82.26574684804274,31.242725209778254,0
37,1,0,1,19,65,0.08352491468001877,97.54103676847451,1.3281203458580082,67.87611597842067,1
22,0,0,0,25,5,0.2111259425580374,57.356328002671,54.20152984797261,39.62850342654027,0
29,0,0,1,22,17,0.7524683375864943,34.164111269060186,45.95629775055219,39.59795614894525,1
14,0,1,1,31,93,0.051293848981215584,64.8464556900237,49.8967944220793,33.33516215075038,0
28,0,0,0,17,21,0.49253538071428926,6.844070924262613,7.221318533518795,67.14031007775114,1
5,0,0,1,23,32,0.44210703467972,89.73973183215863,68.44353610693075,53.18948459759088,0
30,1,1,0,32,29,0.33440117898874866,11.938101133819679,50.322041485863444,56.681474285014154,0
5,1,0,0,10,80,0.3945723153189238,32.784283788581824,76.51488498612639,66.4630754905221,1
12,1,1,1,10,31,0.5299405869302329,81.57453806261209,48.52906340617154,43.82480675603158,0
16,0,1,1,36,41,0.16136735838838312,59.731237833071184,14.938163622643208,54.86029244552336,0
26,0,0,1,8,77,0.5719958782835928,39.363552027744205,64.8256954077822,31.5519781891555,1
26,0,1,1,20,9,0.8054323292999863,47.34356593750214,17.238636210516624,37.47090112924517,0
21,1,1,1,32,35,0.760160929790159,85.45473932021804,87.23945633548149,63.2498322035977,0
39,0,0,1,14,33,0.15389990469377368,34.00043860598922,61.311623906924154,60.670734253533425,0
36,1,1,0,28,72,0.1492494697414739,86.96496848121713,15.720388355695425,44.025707658285874,1
33,1,1,0,46,27,0.2681743677449133,8.813443097669149,96.23380574812069,45.072425110968496,1
30,0,0,1,24,10,0.3610747263410372,77.67984372086308,51.83654633353206,51.342177342143174,1
37,0,0,0,15,77,0.4084555814084826,84.75476330547363,7.289845187165501,30.00964018740538,1
23,1,0,1,22,38,0.6796972168333453,18.181765283733874,62.68329044150672,39.64977344152111,1
10,0,1,0,30,46,0.056680432165835404,43.03465323722004,25.31989070128102,38.32927234432858,0
5,1,0,0,4,18,0.034672704226066386,16.54997746636556,80.36934518773025,40.01931786999054,0
36,0,1,0,13,14,0.391910562943909,70.66041289942177,81.78220735661907,62.23623370133765,1
34,0,1,1,23,27,0.6971636921379805,53.534776806165674,97.89473558546618,41.18695426185773,0
31,1,1,0,8,23,0.19343534295648257,63.5323346708321,50.186953102450374,37.660852882005926,0
10,0,1,1,18,71,0.6415044812562517,19.648696695621116,45.495687972773716,50.17053843172126,0
19,1,1,0,12,8,0.25982813794029946,21.17458620524195,75.34756054464806,64.62580145490928,0
32,0,1,0,31,46,0.8860861088135163,4.149732550990636,13.247065634192657,39.653988153499995,1
1,1,1,0,14,32,0.8956899442666165,32.20675351957297,54.69155137931242,33.14144971171195,1
5,1,0,0,34,61,0.2972872042813265,55.97446613336749,54.624760013085094,44.25618943398659,0
4,0,0,0,18,96,0.2299937539632405,85.79349139973289,8.947312281038721,59.90607298259911,0
16,1,1,1,34,18,0.41130397206623126,66.69274474586807,41.798408550691356,52.02762178779179,1
24,0,1,1,11,66,0.24053158518014872,43.53963233997514,85.3284798567202,62.6717347829739,0
16,0,0,0,41,73,0.6723838432917036,95.31201143941378,85.61536219946603,68.38368590436936,0
2,0,1,0,12,39,0.8260646845482855,71.92452005758318,9.9237664919681,61.70649907006468,0
28,1,0,0,49,46,0.673092130911217,93.016520286255,9.072088274783086,54.15212315375014,1
32,1,0,0,15,64,0.8243504472493495,52.75879732721657,26.26954770019353,49.73366352209522,1
27,0,0,1,31,28,0.39699216220747413,25.89042747931396,87.47660625539935,31.602763453930667,0
20,0,1,0,49,49,0.15631697070886086,5.282668636472199,12.890258507349895,69.37287915256165,0
24,1,1,1,29,97,0.7379509473975921,72.60848514838504,71.99968026274462,45.3392449030017,0
12,0,0,0,26,12,0.3604745051415539,12.130299800553413,10.116561961310321,36.08912855667467,0
35,0,0,1,18,0,0.6712708252291325,30.277512827196716,62.31378537478254,56.66835421585827,0
33,1,0,0,32,33,0.27064394198176567,53.24709078838974,35.60672991191448,41.37153156381837,0
33,0,0,0,22,92,0.08122963480667267,56.441658777974766,78.8913962965867,53.43113083724191,1
37,1,0,1,38,47,0.9925817954877634,60.0583196987136,23.36904488253636,53.47071631378365,1
12,0,1,0,17,76,0.15620150793059928,16.625533034970065,63.920182938995985,47.82919283611477,0
3,1,0,0,23,47,0.988420993963481,37.97374048216488,23.568253457588494,63.4447446218017,1
1,0,1,0,24,48,0.9772799325664473,61.71942271169667,71.36602831121537,40.598682462217724,0
33,0,0,1,8,63,0.7938181039080396,96.98188646337847,87.36780345607488,47.94530366470937,0
10,1,1,0,41,60,0.6594229620819976,72.76311376996887,12.680179912676003,51.50768514363886,1
29,0,1,0,6,28,0.5778070502510847,92.26037570939579,86.65956885955035,56.544988830691985,1
13,1,1,1,5,38,0.8661015453778347,76.2212058314177,59.35752544142979,61.35887402022358,0
12,0,1,1,44,87,0.28943952161948794,59.171696889240046,12.711049086702397,45.79229131513024,0
31,1,1,1,29,25,0.46768121248487704,19.202336913634454,42.7541855359712,55.84187776386384,1
2,1,1,0,28,16,0.6193899693665019,66.66856518925131,16.08602934850979,36.02443812274076,1
35,1,0,0,11,70,0.4111904758694911,62.337956595990704,70.03478888665695,67.30592402169914,0
23,1,1,0,1,12,0.427486454090268,60.24691704572665,75.88681344179497,45.32235225684014,0
17,0,0,1,43,68,0.3302846675020844,48.978586798824075,10.579652027279895,59.180856879057536,0
26,0,1,0,19,25,0.564231816684536,52.86566039892756,50.613985269464436,30.813643275287106,1
8,1,1,0,9,48,0.850574528015116,33.44425271181041,81.46250560259172,38.20748571619228,0
29,1,0,1,27,66,0.20152837800631285,51.931269264230316,93.61630415509966,49.48330177294312,1
26,1,1,1,34,6,0.9344330387534414,19.755590567847825,51.351786674177,65.13009870929386,0
10,0,0,1,44,57,0.6890876537482297,80.51743973603767,95.02792236114071,51.09020599802709,1
26,0,0,1,4,48,0.8232732126800302,18.577695469870783,53.56889704560298,67.19481929175515,1
34,0,0,1,36,52,0.5561906926300116,8.496628988946641,39.419049459990795,49.351875863311854,1
7,0,0,0,18,64,0.7795167014240635,43.62460263571574,84.82031285528954,49.617963869438,1
4,1,1,1,15,61,0.01620039733946721,65.83074395060619,49.2982710458089,34.789871540021274,0
11,1,1,0,13,16,0.8183804247795352,43.771682493354135,47.190251056452304,62.106249766088794,1
29,1,0,0,19,42,0.04013885908536652,27.67541319513086,49.03124894098283,39.878616498682504,1
36,0,1,1,49,24,0.8899133763628625,55.817118389044076,84.67850018697453,65.9844995748926,1
25,0,1,1,6,2,0.9919627472386433,34.700233541219994,83.19415416880521,66.43296881321584,0
21,0,0,1,48,78,0.2940674621767778,93.28676901266331,40.35199924402112,67.73240447496599,0
36,1,1,0,12,28,0.21031855628579366,92.2645139603572,33.3299859870525,50.8092195641236,0
10,1,0,1,37,31,0.7653633638580407,50.23718199720955,49.19280240391293,57.08375139134577,0
37,0,0,1,17,25,0.2530263409202532,32.78839940182585,57.277250973710906,61.14063520246654,0
9,1,1,1,23,15,0.8655623831722035,73.71324139566391,23.833721062799697,35.24058474601863,0
24,0,1,1,26,24,0.10284259215747671,3.671294348306664,79.39550847155907,54.03828779989989,1
35,0,1,1,29,53,0.12595519637935826,47.47690060436513,48.648276573242285,31.371916052132466,1
35,1,0,0,33,27,0.9791515551006156,33.63233942703335,33.40455484199596,49.90264333554904,1
36,0,0,0,27,72,0.6738388982700046,92.05358851025547,10.68209929639906,36.1937072648091,0
18,1,1,0,25,55,0.8468872244289528,1.2003027272682543,23.884516040360694,37.31691703848339,1
39,0,1,1,10,64,0.324329377351518,55.28148757183491,94.92811717559837,44.60190266770406,1
32,1,1,1,47,92,0.6764837495206044,74.0663581066626,30.50996868195266,47.29748666866012,0
24,1,1,1,23,85,0.5942418273085972,48.50179875240413,16.885928936703532,54.92689698128749,1
23,1,0,0,21,79,0.603150120122947,8.540303016272166,46.06727916549932,32.977136737540626,0
32,0,1,1,21,40,0.6825324595377216,97.24613900279022,30.70877433602487,50.14767044949778,1
37,0,0,1,43,50,0.5753591731290986,51.801043137609796,3.5159250271194153,37.305005210124044,0
12,1,0,1,13,70,0.42906236930266595,61.41862443190114,32.314521727941724,52.959007001269676,0
13,1,1,0,37,77,0.27592269438054684,23.660978270750732,54.41086239394686,55.49618449044734,0
23,0,1,1,33,28,0.768581330913202,48.34980851068038,55.17123720199669,52.26837026211415,1
25,0,1,0,24,82,0.2262724300031862,42.914949195832186,35.65589211768887,59.5318204191323,1
35,0,0,1,44,18,0.6923543061544142,7.489584200198374,44.73027562526006,43.42436976963605,0
30,1,1,0,11,65,0.23333282264932664,10.616035354746723,96.55179182347663,60.604263665325234,0
17,0,1,0,17,40,0.6253301699544539,83.74725196187745,37.73484772303116,47.31068326832775,1
20,0,0,0,4,44,0.7470782671290289,23.981995220659023,25.822681325998296,49.36737993290387,1
25,1,1,1,47,14,0.2187138889065392,19.495827149863054,24.34670440667601,55.92408509044286,0
22,0,0,1,25,2,0.05994330086130828,50.49114512501392,45.776461270413414,30.73433535996896,1
13,0,1,0,30,10,0.13097374299417408,76.87471313625129,75.9520148716944,56.15976885680993,1
19,0,0,0,9,52,0.6059969672710255,6.194651857898792,20.59881841884732,54.743405962884616,1
36,1,1,1,21,45,0.8494464062257355,57.680791963825584,70.92961271407681,42.3938846701312,0
12,1,1,1,20,29,0.04499682123542437,11.921044284057336,2.1149823349416286,33.43177139597958,0
19,1,0,0,19,56,0.7341512590416462,3.6461050825618457,41.8932977983946,33.63741799652165,1
12,1,0,1,19,17,0.3413186459500521,5.274395216221739,77.58650652027869,66.92894987940915,0
9,1,1,1,12,50,0.4785283699195225,83.41641082084413,33.873295577443145,57.57117284903349,1
7,1,0,1,37,47,0.9288595498455656,11.797248362806156,56.37371014453995,35.084104550829615,1
28,1,0,1,42,65,0.33197150473584547,4.515136441229195,20.49792328259108,44.26892677235625,0
14,0,0,0,17,95,0.46533693393948605,43.789988714291226,74.19953911261723,53.69931975606386,0
31,0,0,1,37,7,0.013682414760681105,84.39934719420248,5.227910326875962,63.422868203625946,0
19,1,1,1,48,21,0.08159872000483837,26.240837648930192,85.25426448755003,31.746437148520343,1
16,0,1,0,39,5,0.258591591134784,42.17126175259164,19.819638642166815,39.465325258800355,1
5,0,0,0,28,75,0.027852240821074403,3.9922532563751223,87.43980317083307,65.5899596118152,0
35,1,0,1,41,56,0.631375326048251,44.907851413487585,35.25292413005173,30.36662200735266,0
12,0,0,1,35,35,0.4263983568016225,57.761308063713365,72.26835744744866,38.0559641117555,0
25,0,0,1,47,78,0.548145202728022,57.090705375214476,31.922529778618845,68.36096703891863,1
21,0,1,1,48,91,0.17464718589632955,33.242669217436514,90.59116712346476,54.536073860886844,1
36,0,1,0,18,56,0.2959320294366161,31.55331806631355,12.663712551837436,40.46685466550026,1
23,0,0,0,14,48,0.6638244748527251,10.662361893659789,17.85197892725987,32.6796437758339,0
16,1,0,0,35,44,0.9653027236303998,36.67983206462684,49.303012515880226,31.127653617888885,0
39,1,0,1,44,81,0.0504167736022092,9.949466887296465,8.193843903814614,39.78980318547709,1
39,1,1,1,41,65,0.8903843208552661,76.65959447120517,19.598018470176193,65.25943278355642,0
14,0,0,1,7,76,0.5768812013112085,96.62742977481858,94.37663822120143,46.63654617190038,0
31,1,1,1,41,44,0.5639195667556237,97.00744566667069,97.64896611478872,58.81333476663972,0
5,0,0,0,13,78,0.5002785352077603,86.50710993753938,37.62593293304219,66.73140141519832,0
35,0,1,0,18,19,0.06939408590418339,60.07921493396191,92.32860210139357,46.32161846411266,1
23,0,0,1,37,63,0.08987685173616067,70.086569724388,54.48246756734317,37.65109484149588,0
29,0,1,0,13,92,0.6009120056590861,28.520580268041407,26.974246587376705,50.684717234276775,1
11,1,0,1,36,92,0.3409585714355583,63.077042017262066,70.23987210805987,66.32334748239418,1
18,1,0,1,31,66,0.9172680665776807,45.56495494398774,65.89018065748571,62.174976565508025,0
12,0,0,0,2,82,0.40659053735947226,48.20173397769325,98.91253191087334,32.63319373452615,1
9,1,1,1,16,2,0.14328145870264108,75.7776560375158,26.50472874092833,57.70291200310327,1
10,0,0,1,9,53,0.714718833502036,28.191835559725163,67.20595026617355,52.875900898358154,0
17,1,1,0,9,77,0.29335342144100984,31.803961169451988,5.202375502944689,66.29852705385701,1
38,1,1,1,38,63,0.5254703073558932,92.46417911286366,11.36460386967194,34.89925667401189,1
7,0,0,1,11,39,0.69783278550517,5.622429485097225,0.3918374951093262,51.36144452818627,1
13,1,0,0,22,58,0.9002641112020704,48.56342984133404,99.94606810596731,65.1785077404757,1
9,0,0,1,33,54,0.7921911948016761,91.28008004078617,80.22736971474778,46.40095146966972,1
27,1,1,0,36,61,0.6763610678727241,61.0363007818157,78.67230147335408,49.27979670931468,1
2,0,0,1,45,3,0.6796331823951436,54.64070742121321,50.97260752881797,32.81842710667833,1
5,0,1,0,23,59,0.9459246440320865,24.974417922935523,30.006708290543994,41.12574561795643,1
29,1,1,0,45,74,0.29582409749653604,34.327548906444825,15.126428446267592,42.9802659667579,0
37,1,0,0,45,94,0.0011120941961874076,85.20484158046929,28.467473884646367,67.80489794979547,0
38,0,0,1,34,95,0.2719545593981987,55.921813176845816,37.597122192913915,41.30669442164636,0
19,1,0,0,9,90,0.217891379626744,51.47421937567799,75.6310096980294,48.43474941078608,1
8,1,0,0,24,29,0.6618345851139982,9.957971354002893,53.96617889031524,56.85217694257119,1
1,0,0,0,8,1,0.633711599765529,1.6028156455123121,7.748362655548268,36.4873348963151,1
22,0,0,0,7,61,0.5934613827047238,96.36851886870491,1.802900895891224,49.457695485674975,0
17,1,1,0,36,48,0.0162434432094537,37.698616728684165,10.233217953406315,59.541561579036305,0
7,0,1,1,18,8,0.7287780544506475,60.32130620995043,41.049871369737936,64.67420852108265,0
25,0,1,1,3,91,0.3235304124854915,7.971507318728499,93.31929170490183,55.05037098649707,1
4,0,0,1,28,30,0.6650559890066311,68.31142857230465,63.74024812092216,56.76214061267792,0
36,1,1,1,6,97,0.5565784285021533,93.2566708705961,80.18258998755151,35.05133890338276,0
6,1,1,1,44,60,0.3427309254279072,57.56652529974197,46.637459450454855,67.83105988985389,1
31,0,1,1,44,78,0.13457626710410775,12.611532237541056,36.16660831950428,35.3029630993793,0
19,1,1,1,21,47,0.09441889766048095,58.172152747347674,10.840037271662272,60.98691748727193,1
39,0,1,0,28,24,0.8315183331122236,76.63472131046524,87.5933022186205,40.592652871132756,0
27,1,0,1,40,35,0.918397542081558,40.64165365740187,78.31600290279029,67.34372574805006,1
10,0,0,0,1,7,0.6497880467642996,87.98377479414678,16.811809759772512,58.798381574779185,1
26,0,1,0,36,72,0.10343411486048337,64.86829533573645,51.22605638762605,60.152548519134754,1
19,1,1,1,21,57,0.4020272168882407,89.92489182892025,48.73748079212449,38.76236692239533,1
39,0,1,0,43,44,0.7289392001051572,62.35053112473372,62.50915526865286,47.72159906540644,1
3,1,0,0,35,61,0.7798208840100681,13.128797200482422,94.61868939912613,54.71252778357146,0
13,1,0,0,13,38,0.1182186222910886,30.96917111051891,57.97714417624796,60.79894472826403,1
28,0,1,0,49,95,3.071884538241587e-05,20.17949482524569,54.02172667786186,34.158375036495585,1
20,0,0,1,10,57,0.712137045880605,90.88264977168623,5.032293293466394,68.49461265818113,1
28,1,0,1,44,80,0.35659617598620563,76.04000672874827,6.290747601802393,65.60882682218224,1
8,0,1,1,47,98,0.25448133161826025,67.6398368910006,18.734679132678888,40.81394361982338,0
39,0,0,1,10,82,0.01289746978952544,30.096631963162167,3.247077169174828,62.91040972129328,1
1,0,0,1,46,63,0.5402994067614997,18.40447720502135,74.33528955700123,50.73295692159294,0
3,0,1,1,13,43,0.8511507354259817,75.64510879889119,72.3330303993963,48.47225926248075,1
13,0,0,1,37,28,0.9576316462725879,47.41579458790797,13.605623443164294,42.57736423245622,1
28,1,0,1,38,58,0.5657449506132892,22.578955215062912,83.60789007952809,53.238743465263695,0
25,1,1,1,24,70,0.5144613277398942,61.66219781652751,15.478603484611197,59.19556470814391,0
33,0,0,1,2,91,0.0850563854892411,4.0333852138451975,30.11755869973588,46.43731619851033,0
38,0,0,0,22,8,0.5488728015425998,32.61702541282535,24.8976899161365,55.16876772033169,1
6,0,1,1,17,91,0.3799790789653946,46.85569945911347,37.23070985730478,57.97251684621215,0
32,1,1,0,36,5,0.6071352808835769,14.795833410940585,25.466376588996187,58.44487268061144,1
21,0,1,0,14,28,0.3887263478765467,98.46544775908396,48.8950926438452,32.078643925247206,0
16,1,0,0,10,57,0.24029912345036675,20.909736458961426,40.74078813546854,64.38991222740268,0
21,1,1,0,35,16,0.0949652752283765,13.035313004326554,98.65694907793265,48.33013259060192,1
11,1,0,1,25,15,0.31491844458889573,20.35348738868964,5.592635012822567,40.496643267848576,0
37,0,1,0,3,86,0.09664483428775228,76.90611331597242,14.218137638735161,39.670580299187264,0
36,1,0,1,47,94,0.17689695082398393,42.55056592718428,5.282589390860249,49.320564513758015,1
35,0,1,1,38,2,0.9873361585795459,56.541593975253804,62.58411949823758,65.47326157875837,1
19,1,1,0,17,20,0.4441035569066186,2.1009156986360744,5.450927741371958,45.133903267305875,1
20,0,1,1,12,63,0.5318717665050166,3.4431308573314556,83.64397373761233,59.98902987134173,0
18,1,1,0,24,89,0.8736185287372153,44.582554982701616,51.19386306819278,33.87274923948874,0
14,0,0,0,29,35,0.9955689004906878,81.66552432016235,52.70076245815337,49.04226808604247,0
15,1,1,1,43,85,0.5827144493446815,88.52388787075652,56.15945077121942,69.66744561570943,0
31,0,1,1,25,61,0.8124738210441717,8.670656759564022,17.081370630621073,60.817512111693475,0
1,0,0,0,36,41,0.32694102433667527,53.836310210102276,19.769030311448756,38.42113953762452,1
3,0,1,1,26,75,0.3057439574472911,91.32296862792705,31.88173228730047,50.05765894791643,0
16,0,0,1,38,41,0.4027037209945602,38.797275439788635,59.34964158218514,39.344990545942665,1
23,1,1,1,1,60,0.6725072626736491,82.95658314283686,21.011777594021453,46.382437090500375,0
11,1,1,0,20,12,0.6821916892550988,13.36956543994362,11.633172713326124,61.203360949398586,1
12,0,1,0,28,10,0.3152394346494508,93.53944896677987,97.01168864184322,60.84899261161615,0
10,1,0,1,16,53,0.1332099241366287,75.14233175313026,2.1981814809622913,39.12401511609541,0
32,0,1,1,47,15,0.6323962564655086,94.13343927869016,80.26974053360216,66.88893272619441,1
16,0,1,1,17,7,0.12832586218876452,67.66172335525064,78.8035149575022,53.702727310593076,0
8,1,1,1,40,58,0.5784925082293301,36.3403931999427,29.7214113845096,45.196971638480576,1
38,0,0,1,28,56,0.693422128056309,93.81811725247225,13.56266160073134,50.07742323123443,0
12,0,0,0,12,39,0.7006114963944516,27.556677630917846,14.562864670542341,54.20285013750975,0
24,1,1,1,27,58,0.7534721106595967,33.21725220617326,69.74316172371925,52.395621273831416,1
28,0,0,0,42,1,0.8728594215656645,70.08084180017403,64.28065910861737,49.456201421447126,0
8,0,1,1,47,93,0.49995899196478844,76.53162995253862,78.27456742513867,50.197312163576,1
28,0,1,0,30,93,0.7302491895295712,92.94034838491538,93.74811723991047,37.05647641711545,0
36,0,1,1,41,75,0.6191727353658367,20.48024090562095,69.1927363266592,62.50931617218718,0
26,1,1,0,34,9,0.18663993979768256,79.7998035219224,15.585153655144346,51.670412797640616,0
8,1,1,1,37,43,0.025689644869408168,73.85460533969635,24.344261676541066,35.24319446818812,0
28,1,1,0,6,10,0.28454138567693377,6.379455625359787,84.21937308731145,60.646284063311114,0
28,0,1,0,7,78,0.4430337063376194,38.722314121020695,20.93060758342086,67.29775913509403,0
37,0,0,0,32,79,0.6171059444286563,28.27654570600986,7.252231695448142,67.89227596947848,0
36,1,0,0,32,80,0.8499593305032054,30.44904243540304,70.32800540422505,44.76070929644691,1
27,0,0,0,25,89,0.19624571670616564,98.29468795547008,40.2526355490142,35.42067494243016,0
17,0,0,0,33,1,0.1255497898984771,64.27774134799279,92.00400525459035,50.73598506532261,0
9,0,0,1,7,49,0.9634799474743275,71.76761577934995,65.02550710936616,34.504369173968826,0
33,0,0,0,12,11,0.10804455937640711,97.66176373150091,9.041897779166074,67.35949674050468,1
20,1,0,1,16,89,0.47849107010718916,37.72017824576387,94.78565672536607,37.343185094205836,1
13,1,1,1,16,22,0.5855637287933019,80.1840168452806,25.85572636402459,40.110634398046564,0
28,1,1,1,43,17,0.5413744209074383,43.45309633044954,33.72124904062858,46.26546107539882,0
29,0,1,1,36,61,0.0860321570329432,86.95336718149798,40.2260413683542,45.32657874236503,0
13,1,1,1,13,95,0.05702691400361937,18.06575413113032,5.122429640431325,61.78651569591556,1
35,1,0,0,7,61,0.10548342746103567,94.76861770642796,49.65154222306049,48.25267282203849,0
6,0,0,0,36,37,0.5855876838726125,21.877170841087967,12.331849107529225,36.830730400133476,1
18,0,1,0,47,66,0.5443448876343211,32.622050698093155,40.097032668835176,40.68839581944296,0
5,1,1,1,9,37,0.23374079203674425,75.61922341067805,35.07097879920843,50.36453540750088,1
25,1,0,0,32,66,0.6377741418455916,39.37551415654067,77.28400834265034,35.898156697045394,1
2,1,1,0,11,93,0.8200675020556494,60.82113767664467,80.3170511632731,54.46622702584057,0
10,1,1,0,8,60,0.041578959846593766,44.45735010694285,15.3412882389088,52.629892262045836,0
30,0,1,0,33,0,0.4981299435480424,74.23699370897819,36.65511873792262,58.58809265529031,0
5,1,1,0,23,93,0.6893104121026903,22.833125236861086,37.33531610318317,67.50818461517471,0
33,1,0,1,25,44,0.2523119270696871,5.8457987236877,15.141044393608505,66.49018244404623,0
1,0,1,0,8,95,0.3077709052931491,29.992939747306625,79.84535050511906,67.84302472275326,0
18,1,1,1,45,27,0.6136379029893838,47.43086648684303,70.72283283354233,39.78862388094804,0
32,0,0,1,22,20,0.8979352934437369,16.80200521926786,19.038178629703474,35.262612265574184,1
11,0,0,1,4,12,0.8099244203028994,35.47972896563887,36.6721908593799,42.09106801985794,0
21,0,1,1,40,26,0.5831302190995835,39.998301829356855,10.580502485651422,65.80340691065258,0
26,1,0,1,3,99,0.7302217177572492,5.739184368827354,62.820659709304394,68.88213898493953,1
25,1,1,0,29,6,0.3648224702077987,58.33072481842046,12.137192454861967,64.37299804281903,0
22,0,1,0,41,21,0.6409655280987577,88.43434279712875,98.59341686249178,34.40070884510175,0
27,1,0,0,29,73,0.46618159112755697,15.174291295305242,78.06820746878623,67.89711992239172,0
13,1,1,1,34,52,0.1899361364575609,59.7808013401514,39.023854958399504,46.93432109403144,0
33,0,1,0,34,78,0.7017382738772572,66.47392049108463,57.85639322793544,30.37241163049415,1
34,0,1,0,28,78,0.556464637348822,41.93346804192883,91.13418162164088,47.69574962992775,1
35,1,1,1,13,3,0.3586215819535914,70.109758736427,55.40992803958261,31.842766787018704,0
1,0,0,1,15,95,0.9113391900786307,41.0731543491012,17.44984863979552,51.7551168464447,0
21,1,0,1,23,22,0.020934117826733267,50.46372879774349,37.87033555811593,43.54216109748205,1
6,1,1,1,44,69,0.315773151249496,0.735304455442698,84.31448650297455,48.93739734376195,0
28,1,0,0,26,87,0.05688139777764656,69.17201141346888,64.42130159896179,54.52681442972468,1
17,1,1,1,4,83,0.7665273162216272,66.13426789447244,65.07243843338003,64.75204383271281,1
5,0,1,1,26,83,0.7021074541137926,3.8400877326344562,86.68214856884892,56.476063058877145,1
31,0,1,0,40,75,0.33135221873631704,36.82501073951331,89.39730574625047,47.36195473912723,0
5,0,1,0,9,32,0.675662902207073,97.90318407916673,91.97925717794362,62.777114146814604,0
38,0,1,1,5,27,0.39593722619594984,42.07365625686168,9.48491932531561,66.22328550292528,0
3,1,0,0,32,7,0.7562537914224343,50.19454051318417,54.41260019631009,34.79039865728789,1
23,1,1,1,20,0,0.4541836627367061,90.99301581597186,74.05095212183186,51.27731910211166,0
37,0,0,1,11,36,0.41227972783166555,71.72618758657563,75.69268451270138,41.380478389697764,0
37,1,0,0,15,62,0.934729915488301,58.20701311242236,60.67162019700039,31.882447915077897,1
10,1,1,0,32,21,0.25087909989070023,79.78046813410725,16.678733518367416,56.74186780455941,0
10,1,1,1,28,69,0.12044733999656543,86.43662664559733,79.74205539416643,64.51083109836902,0
19,0,1,1,22,20,0.5845431132594582,45.68880717372669,72.01113335149458,36.516106179095765,0
17,0,1,1,41,95,0.9693218122841789,47.51083649318354,8.613577154903629,62.49654630495602,1
21,0,1,0,17,34,0.37783921372718665,38.60509356518358,46.380982467437626,64.13582934147766,0
14,1,0,1,26,78,0.06203676362878152,96.67061400184606,17.39773995218036,66.57361770665935,1
9,0,1,1,44,4,0.33930526730956745,69.71662542903503,33.74770457129719,40.611403563442096,1
1,0,1,1,7,59,0.5059316543195584,8.322306620807229,1.8081092205685434,66.15812260759557,1
13,0,0,1,42,45,0.1619230066322137,86.29596233130185,40.032986841075825,42.82651018945729,0
4,0,0,1,26,49,0.658102218056492,48.05599408362681,54.987692115621044,52.09352053822011,0
1,0,1,0,25,47,0.9977493890102006,6.875390642248746,61.95825928270868,32.020298833291285,0
32,0,0,1,10,5,0.4517394759814438,54.971725516331105,66.34903451287101,31.755243534749745,1
34,1,1,1,45,88,0.35472855673021264,41.716427897570206,83.629131310246,58.814928509288116,1
28,1,0,1,19,55,0.40070416683446664,87.7749404862625,21.546290727573002,47.77919911911164,0
31,0,0,1,11,58,0.11514617839520114,20.399460360938736,12.048182243846794,40.2516950147687,1
8,0,1,0,13,28,0.8832736014262238,82.6464609492183,85.15371718979256,37.61653984099641,0
39,1,0,0,8,70,0.414825655521352,55.768869118545275,15.661281489264988,56.798139634368724,0
26,1,0,0,40,76,0.3872744114248413,5.461030321346905,97.47600813361953,30.016061761013596,0
34,0,0,1,4,17,0.6596902729304743,97.18453013254846,84.2538229398637,62.23564676787417,0
3,0,0,1,47,1,0.4420334209311235,51.26152441031999,50.08766058895991,33.169984245197156,0
12,0,0,0,31,7,0.648233468807846,29.08768542315825,98.14214249220252,37.65958459632478,0
1,0,0,0,28,74,0.061446290130787506,46.94068419892581,9.737672910800422,45.44945581196359,0
5,1,1,0,11,96,0.8137233437222274,85.7857783517489,30.306576117510165,49.39434958864415,1
30,0,1,1,43,53,0.9405039528794026,30.49031243850635,63.822441504061146,44.19980463255767,0
30,0,0,1,1,37,0.648765386159386,19.26763964867003,35.00068684731787,42.82848659937176,1
17,0,1,0,49,47,0.9545659288588108,12.907124693088146,92.83725519807918,68.55664048292753,1
23,0,1,0,47,26,0.1514323143699633,29.785939839021125,6.562608817781756,55.66318724973577,0
15,1,1,0,38,19,0.4774161894803537,78.00480870400435,54.941183206096454,30.93731821469553,1
37,1,0,1,24,11,0.6018067339454473,47.16263651952617,59.08662673951145,47.20703633777253,1
21,1,1,1,47,42,0.5817366474211867,22.748160369353997,65.27281237772242,65.00034798975881,1
14,0,0,1,31,60,0.40146177908904324,16.61849996097492,25.566622333181442,42.05824745642672,0
2,0,1,0,41,30,0.3380844093662614,33.27294765103791,36.45664275198644,33.78225379097553,0
11,1,0,0,46,90,0.1268240225504188,93.99243728857088,84.36805296649777,60.335390863596714,0
39,0,0,1,26,95,0.3917424505622782,34.30267125900244,19.494276897015983,54.240553277443254,0
38,0,1,0,49,60,0.16266081510548513,98.81240759546354,82.68678471733621,52.812500313060156,0
34,1,1,1,5,73,0.7343656764922184,48.523045576535615,56.26554229027424,32.143062384296314,1
38,1,0,0,20,66,0.20883093549458998,17.916391829015087,76.21875111940821,35.61996039182069,1
34,1,1,0,41,90,0.05856530528453385,89.11400917935094,71.36073662634715,54.90197584852455,0
18,1,1,0,11,34,0.5523661378172343,46.03553731348269,20.7511495384879,38.312953658353436,1
30,0,1,0,33,94,0.5952297327194016,70.96713435045244,56.88127364338729,50.16280318993697,1
15,0,0,1,38,14,0.8719130612805055,98.37115832091517,86.77231528050923,51.79526744117574,1
27,1,0,0,27,15,0.5769816124176819,5.0175350319974,43.211623680192936,41.34028761083758,1
34,0,1,1,34,12,0.3454808537234457,9.669455978756714,96.65907702233167,67.93700622165971,0
38,1,1,1,15,34,0.8030118815263205,72.04567414627562,45.221510010171805,63.698564273423,0
33,1,1,1,32,74,0.5402788931874211,28.1825003295472,14.278563666788468,58.89494030531194,0
24,0,0,0,21,58,0.07928028463119174,18.430139695009906,38.94346800776732,33.119754656376365,1
15,1,0,1,46,20,0.5658505603132467,3.9361879819729495,95.17024063905372,34.245200772360775,1
30,0,1,1,5,53,0.9080185454216624,2.1846711986201806,31.97208493398542,49.711253834598224,0
17,0,1,1,6,74,0.39631262549822055,77.4485603119791,86.80981598670628,36.428533967639424,0
5,0,1,0,38,29,0.29632580189980007,13.443342736955,88.12506816818897,69.13061854117896,1
29,0,1,0,22,47,0.14346945701802005,46.77206159711509,35.01865243319611,36.340809361096376,0
4,1,1,1,18,34,0.15144552193535732,60.5896815179483,8.325765805063213,49.498713418558964,0
10,0,1,0,14,85,0.4327714843418189,42.835180056884624,72.45579091588182,44.56484227366022,1
17,1,0,1,10,37,0.5956798241615295,2.7106652336233106,31.1512299013986,55.57545685816392,1
10,1,1,1,46,30,0.08061540516960175,78.35015025879089,78.29236142575724,35.161456355576995,0
17,1,0,0,13,77,0.9395685890251657,1.0513224541653488,44.26548482604331,47.212657121695635,1
20,1,1,1,31,23,0.7551336174451959,76.1889894377484,48.52667423426216,40.988201312285746,0
24,0,1,0,30,48,0.5866239182836627,89.33044937881228,77.79094067485369,65.51006098686753,1
5,0,0,0,3,95,0.8284386709389908,43.28399210571723,38.23633310616279,31.623428485387805,1
34,1,0,1,30,99,0.08018675681211329,53.554247309779825,44.31273453229145,66.54909976025837,0
6,1,0,0,6,31,0.4768388777331244,47.698339261765376,37.619046876962216,63.31976554212002,1
2,0,0,0,29,54,0.6300931268616634,38.920861862343884,36.734051527728,41.90282865763262,0
13,1,1,1,8,78,0.8286529061182892,88.74245353703603,52.594657690145944,61.57162618708419,1
11,0,0,1,44,57,0.7834695600492677,89.39335106699905,80.87994445011508,31.248542413549902,0
23,1,1,0,45,98,0.27706924971339963,33.581636464153455,36.176831192256586,68.67462201173575,1
16,0,0,0,43,2,0.9408801695592043,61.5069754014698,52.42547205377367,51.063797703591575,1
31,1,1,1,44,79,0.12434584143087035,92.69075621458641,67.07273254426008,42.13124104261781,0
11,1,1,0,33,68,0.8751336186211521,96.20584989413516,26.9439446303655,44.50332850378708,1
16,0,1,0,17,84,0.9709402496046186,50.895904042204755,27.752280490239258,32.6562141384199,0
8,1,1,0,48,9,0.17715352322262556,45.28248052843268,93.34131270234548,69.57398056168157,1
4,1,1,0,11,82,0.7220660642037853,27.869431592852578,72.35345733310886,31.571677806027697,1
4,0,1,0,13,24,0.040285518777998464,95.887187319041,57.71866762233089,56.19628492591436,0
25,1,0,0,11,67,0.40542282513915495,14.281430447286736,64.7720054420612,47.70943710825833,1
3,0,1,0,31,60,0.516283299197674,57.9829576047725,2.9299443103418366,67.95664872754861,1
32,0,0,1,28,28,0.5806452259096341,28.255026751863888,61.81029655616969,39.83998961227181,0
3,1,0,1,44,18,0.9359372482485595,27.90082903477966,50.95088732242019,51.28347295752045,1
27,1,1,1,6,42,0.6722506872941947,40.496858737618844,54.574967977943565,49.294248343310116,0
29,1,0,1,41,65,0.481277951219237,99.87929358156545,35.94238268308171,58.11465776200406,0
32,1,1,1,16,73,0.8096750362658893,5.4966306839822066,8.14738977129419,32.720409278096824,0
19,1,0,0,4,60,0.9505328209544089,57.85418182035315,19.33392336120522,37.751565200934195,1
21,1,1,0,35,42,0.022066148682290843,8.257215803527718,95.07447132126717,38.58259280371399,1
5,1,0,0,48,24,0.9825212722560387,15.452082999051896,40.8699562270934,59.52603019366759,0
18,0,1,0,26,19,0.08613213906368034,43.95629417728987,46.66831558308642,37.5655478530696,1
28,1,1,1,12,47,0.8143867792687614,51.04601313464413,5.270978985343899,52.93967055563907,0
22,0,1,0,11,82,0.2803347525514125,25.8792408364524,3.756622954398059,38.609752820038146,1
21,1,1,0,37,86,0.13217965775387175,31.645713087441617,71.71814470467577,64.46499800335914,0
6,1,0,1,25,23,0.4398556397138349,8.696702025593305,53.80946641211113,67.68741817958553,0
1,0,1,0,18,10,0.6439565794476135,30.32197838442505,50.87059842162667,50.73971899768962,1
5,1,0,0,19,97,0.380951845023475,96.6558439380544,24.312453042266867,44.09235536836713,0
12,1,0,1,23,54,0.05456540828269896,94.47073816724817,74.47507316299222,39.36231100069996,0
26,0,0,0,38,27,0.5994611396587166,33.4878290136985,16.82365791084919,31.99124006092175,1
34,1,1,0,18,68,0.9024032761106747,57.08539362787616,18.993474366102003,40.74000304789982,0
14,1,0,0,26,62,0.3832153659472517,90.95953911109443,46.07121713482755,56.16943119781271,0
26,1,0,0,6,58,0.21633277763082703,0.6183822640896675,28.62798621119409,51.344677252368434,1
27,0,0,0,4,4,0.4425773459328154,81.06835703375918,24.746298123314638,67.7616511312371,0
9,1,1,1,44,50,0.04836271104878087,94.83695527889189,64.52376445533316,45.851090499668025,0
26,1,1,1,29,20,0.8204875844802748,9.132573433355706,65.09717452185446,57.754533693135784,0
22,1,0,1,34,11,0.8263408109501867,16.144768603292103,82.45170697999292,49.572909899004856,0
30,1,1,1,17,49,0.5880004634296284,96.07463027713554,41.77085669729759,50.503048636968465,0
17,0,1,1,43,3,0.3531028889383895,53.75401436403463,7.308509102615024,40.7109725841647,0
26,0,0,1,43,41,0.7997833644457834,1.4196634471723701,27.366638492145768,48.198031073679985,0
36,1,0,0,16,83,0.5546870247883672,25.763199876352914,98.00054631968169,48.831399880508286,0
1,1,1,1,2,37,0.8259323085500162,44.99436742688596,59.62585752327021,58.26570086995736,1
8,0,0,1,34,24,0.6314587925830206,69.29089110247676,70.97370848010203,67.62559996744456,0
35,0,1,0,8,13,0.7844054732127973,73.31603781367996,0.7357829625414536,43.172851099300175,0
15,1,1,0,13,74,0.59856299321776,99.54215129254561,51.820573218252086,31.688018743251938,1
22,0,1,1,42,31,0.4141410682156662,28.7511199383759,3.7528657531803122,49.85180502002559,0
14,1,1,0,8,10,0.9579458599261376,53.82201018684752,56.9230212091448,51.77845328596675,0
26,0,1,1,30,60,0.5411138248788447,53.332354785960504,92.07708496360753,36.73762204527661,0
28,0,1,0,32,17,0.6050895185405384,40.56452594472375,96.84191305004079,60.41858425104267,0
23,0,0,1,36,26,0.22048763941474925,16.91618938424202,54.055267538892416,69.39716433765966,0
14,0,0,0,47,54,0.6256507894272765,97.74565631838425,45.8204805252216,67.83098868033844,0
24,1,1,0,30,53,0.5716076494829438,85.3317186666586,94.5017094248494,37.88424155294609,1
2,0,1,1,1,81,0.18483839794702495,49.83330282942372,67.3609831996695,65.01452959603043,1
26,0,1,1,43,86,0.059587097353143714,60.32454226840298,6.489927953840946,58.17974545646739,1
14,1,0,1,39,74,0.6043593197147711,22.72610535596623,46.57255776674975,48.153862552276465,1
7,0,1,1,17,20,0.7636922693503205,54.37870703917469,24.02450184643039,51.62443977298916,1
3,0,0,1,20,43,0.5234013709220082,69.49701331214759,46.98043214486815,63.98400699929832,0
23,1,1,0,24,4,0.2267726253196457,51.51670283865888,45.54655720063617,49.205397585534925,0
18,0,1,1,22,86,0.6665219766930349,99.02851705849413,58.2144802814742,44.92829476420508,0
38,1,0,1,29,40,0.08010572660960225,61.13416562477262,35.677049034925126,49.72989972103943,0
35,1,0,0,22,58,0.4418337048019546,37.09737125921691,16.427044945592804,53.16519216140196,0
15,1,1,0,44,88,0.1633667583984202,77.21520276158381,50.37194345899563,37.56310615113395,1
25,1,1,1,9,53,0.18445905105988336,17.046251158164203,83.0202884345762,66.03630921067963,1
37,0,1,0,37,73,0.20229394915820365,38.451581370626656,66.40122280676023,56.967477953184556,0
28,1,0,0,10,21,0.3867070570439779,34.69589503775858,33.836786592521584,55.33075669349955,0
10,0,0,1,36,82,0.051150205620397626,43.180709510777724,93.55230227588572,33.97984904722553,0
39,0,0,0,37,64,0.3977934409290982,78.17798259287262,91.22075712491822,54.16695752690367,1
17,0,0,0,28,63,0.5117074471147008,48.41730321634075,20.934839938409876,34.83842648953969,1
39,0,0,1,28,70,0.4832942849663252,79.40144502659628,3.9417585120362975,33.14790700781596,0
22,0,0,1,42,3,0.38278410040304056,57.64889031398659,74.13087083507622,51.09243582569573,1
26,0,1,0,43,64,0.8391466080707525,34.206943465755536,82.76102613491533,46.1114213618598,0
25,0,1,0,21,14,0.1453266924205041,80.99787436834724,96.78645659513553,53.55241080624893,1
17,0,0,1,24,75,0.505696743781374,23.828967055309157,88.98363940883107,33.56888672228954,1
13,0,1,0,42,21,0.062041416956554296,22.43829797997955,60.053476820641485,47.239322513890336,0
20,0,1,0,40,85,0.07115567887790974,50.45029240548358,53.00523392123808,36.99146860180632,1
25,1,0,0,2,46,0.5738658496770963,26.084924596208893,2.784105126258629,69.48400343696466,1
4,1,1,1,8,80,0.566018424887821,0.9087034951216322,24.665644684477783,52.44600849740698,0
10,1,0,0,48,92,0.878033512844457,64.82975272988016,45.96147517329264,57.49747443763469,1
3,0,0,0,27,45,0.5578736756600732,51.1093821472398,62.85039000835678,43.01673122730431,0
18,1,1,1,22,13,0.9597910204048502,44.55178144931612,55.725183331841066,33.78955659117376,1
36,1,0,0,37,49,0.04869484839992977,96.69685146183153,74.26359896816905,69.03483451134147,0
22,1,0,0,27,19,0.09800768478074107,57.11991839629137,27.976693088704085,41.45036141532733,0
34,0,0,1,29,49,0.04406586157038139,86.34315777893845,56.49526076524732,46.95232740694297,1
8,0,0,1,3,32,0.18527685033354002,13.945023620516018,8.814224339079214,55.994556868103004,1
19,0,0,1,44,58,0.5412701109416781,56.92064631294277,41.366552358320696,30.98789190744445,0
37,0,0,1,13,42,0.645572181427428,86.7979626730903,75.0160832954601,62.410365220691475,1
6,1,0,0,45,78,0.0455851579486688,58.3105757279898,69.3400853429044,51.46312760114481,1
26,1,0,0,10,11,0.9459708898455993,71.80141781270015,99.0642737172179,41.12868748275289,1
34,1,1,1,36,39,0.842165376650381,37.20435678122074,27.7891125987756,32.46431941169877,0
6,1,1,1,9,19,0.2966124821570931,9.244951703706661,49.81892991739792,36.49993661897766,0
37,0,1,0,27,93,0.07718753022646796,45.79002951270714,32.95304137739967,65.80135435413747,0
33,0,0,1,34,37,0.16988707321905727,39.44793908388575,44.060311405917474,57.44096895743564,1
22,0,0,0,1,2,0.12694441375497267,86.70601823789474,85.6950129869388,39.99606886547559,1
21,1,1,1,32,27,0.12328377929894685,24.399530235247223,68.42090751884867,32.62403059780118,0
6,0,1,0,25,55,0.5185616886657339,96.6734227535108,88.24411913475817,57.624612495465456,0
6,0,1,1,29,89,0.2458474424934003,95.81381198044961,20.351110833188645,52.896309038710605,1
4,1,0,1,7,93,0.35813971652914445,24.76316430714387,87.3361117841438,46.1807809783294,1
30,1,1,0,49,12,0.9895053333843224,34.80519554773205,5.976227417838443,44.544457967602554,1
11,0,1,1,3,76,0.6843142489253448,89.55557408738851,88.85992804371524,38.67257103716433,1
30,0,0,0,20,65,0.9489806670470013,96.66222208961075,32.90737794607279,56.78445026150071,0
31,0,1,0,20,36,0.1425565550331156,44.3439102836044,31.458763341406648,68.82672111175482,1
24,0,0,0,30,48,0.38213947483256927,32.099704564089784,51.20885766986639,37.028609833473034,1
9,0,0,0,35,65,0.5547318032823543,52.6094013251542,94.06901877232318,53.884664800620136,0
3,0,0,0,35,35,0.07675806188873802,68.77692063657348,4.778136468140537,46.96740222983905,0
31,1,1,1,49,53,0.004187443627957865,27.34745153749798,35.22309750707453,47.867548869786596,1
37,1,1,1,39,25,0.6704343337969175,73.64731746190728,85.65719886833357,40.16589120511257,0
36,1,0,0,27,74,0.6418195168014353,5.165735711464103,39.60544774354668,63.00539502645676,1
24,0,1,1,26,71,0.41078880999961176,4.929449276441645,19.9156897597067,49.410224165889645,1
31,1,1,0,14,39,0.48964407603203264,38.628770514554525,42.47941813314118,51.73623408793056,0
6,0,1,1,17,42,0.4154430005920896,35.34731920607206,38.55525014916693,42.190436511893026,0
2,0,1,1,18,21,0.024005044844888856,31.56332153671523,91.54162014667034,37.27233862667799,1
20,1,0,1,45,19,0.3353716062174624,49.101976266891,76.19343757430971,33.43641552811282,0
28,0,1,1,29,7,0.17708225539728983,32.07335823115712,50.51155557440063,58.56476563699664,1
11,0,0,0,20,28,0.09842418910136874,19.225791846809194,98.8370566721571,37.84937126751422,1
4,1,0,0,27,39,0.9567204338893498,30.946954908860093,46.527753127592334,57.603014167551905,1
15,1,1,1,18,89,0.5993597250421656,97.4904272810235,5.823783082027523,45.615057841878155,0
6,1,0,1,4,29,0.7286562842366027,41.11134169948486,26.22743218149849,46.63099203958606,1
30,0,1,0,1,80,0.3153637432661175,44.47127768583358,43.60704802193126,48.76709984371087,1
38,1,1,1,1,83,0.3931471294940152,57.654498995114004,15.690262414612011,44.70834032510173,1
2,1,0,0,26,54,0.23692399389672347,98.33407684142266,94.7565126324043,34.024799088903606,0
15,0,0,0,45,15,0.09696567096542474,24.160127643576303,76.68488978177731,42.385272400113834,1
11,1,0,0,20,45,0.1790316374415838,68.12821105324338,26.828720042777267,56.54937442775754,1
8,1,0,1,23,61,0.7975140452964858,71.59846935417241,59.08045335179158,56.63137605875484,1
26,1,1,0,10,6,0.6775458051837758,60.73244167930659,72.1449157109572,41.44897228959977,0
5,0,1,1,11,79,0.5469288759854769,8.857833963664408,94.1278928906798,48.40410506230752,1
6,0,1,0,41,44,0.47508987286676807,67.68722758275764,88.16353491754107,37.7378891204775,1
26,0,0,1,41,58,0.9224342836561245,6.409471103617548,51.51922261382137,38.41488326119343,0
4,0,0,1,5,55,0.0727349477786684,59.61426495498969,77.46526197930176,30.921883536264296,0
19,1,0,1,1,47,0.28060081323791597,73.95811772217426,56.2144753827585,65.8698619963098,1
20,0,1,0,17,26,0.34993785357071405,21.096989061995043,55.27038900455401,38.428266602996246,1
33,0,0,0,22,52,0.7824258122127878,84.1622007542774,11.47419583381919,39.101355077458535,1
20,1,1,1,34,86,0.9925146201619713,3.0353805533004263,12.613765801615207,41.18405730580527,0
12,1,0,1,45,87,0.24067051475715306,84.3812863658306,52.95336150224574,35.09632286781716,0
1,1,1,1,41,72,0.8743073341370806,46.032905064276505,26.886154497900662,55.57051532725451,1
26,0,1,0,29,34,0.8306227604317913,21.75879399316445,2.103690246046863,33.005718127103464,0
14,0,0,0,4,50,0.22465739764176662,13.3778144993968,72.28392039002122,35.36809705305401,1
38,0,0,0,5,83,0.3993325801992226,95.33071675823726,3.248659669016496,55.790269063603716,1
37,1,1,0,11,36,0.4096728692925191,7.266558758115671,59.52768411040545,43.58642481925771,0
11,1,1,1,21,80,0.9782206685265583,19.909341993592566,53.91937941273144,58.31791306804756,1
36,0,0,1,35,94,0.18089190137889832,34.7822347433046,96.88146905778045,52.29698978680568,0
13,1,0,0,12,56,0.799157971104782,62.023484896112045,48.421313934764164,40.24084692246052,0
3,1,1,0,26,7,0.3341927141731099,54.480108527609836,6.360143637779736,56.03311801957312,1
33,1,0,1,19,78,0.7308703457761604,12.564349241231398,55.16879678064617,34.65094721171523,0
6,0,1,0,45,94,0.42001100429566285,28.972798373821462,84.10961706161014,51.45641532320121,1
10,1,1,0,7,93,0.57835976311654,23.875177108602408,99.68492842814399,47.48592420180138,0
5,1,0,0,47,19,0.8326117733261311,21.354285449034137,43.034317368907246,40.71494331269763,1
23,0,0,0,7,52,0.8041655649838841,41.1144336479987,32.02987424967425,54.16019990958,1
10,0,0,0,26,11,0.8664231835397002,70.40314525916568,90.66532969519989,64.8533436936113,1
2,1,0,0,40,48,0.05961732534465902,21.745293221723593,19.124212907612137,69.95618799052306,0
13,1,0,1,5,16,0.6920505530397448,36.66788797029814,61.542891503292665,54.31051074973698,1
2,0,1,0,21,63,0.13998737672176287,39.09174268411623,40.57144241809477,46.18823497316681,0
20,0,1,0,14,41,0.415818568018411,97.64565294354102,4.108236495555529,39.00828400864806,0
1,1,0,1,4,93,0.5485884150546885,95.46663568790689,34.72884743056978,40.28384357580447,0
37,1,0,1,23,28,0.40273948474683074,80.01375827520759,26.52285225026746,49.17819912599063,0
9,1,0,1,42,18,0.5196116758030075,24.165892081918518,68.60911539434869,44.69110805122837,0
17,1,1,0,20,10,0.9965263087986191,6.803731409166969,94.87904976919181,66.55258090499777,1
9,0,0,1,15,97,0.13521731371285473,31.690413772062477,26.804718737863777,44.73181870622838,0
11,1,0,0,45,49,0.6754560453364256,26.679454943383085,81.14659391516817,44.93778364581742,1
15,1,1,0,29,70,0.3960009663856152,50.59258001463939,5.535981693840952,45.34138049735908,1
24,0,1,0,8,57,0.13300979890732878,77.7727910067793,53.81210100398132,63.464808414706326,0
38,1,0,1,41,33,0.15873676337430953,85.8322938878858,7.055006370989458,56.03153283387607,1
35,0,0,1,48,19,0.9492731062456169,84.48640854105085,93.40329911306394,54.56675401275571,1
30,1,0,1,19,49,0.879601496711762,35.967556122306775,76.63512805573902,43.365720895354485,0
31,1,1,1,48,87,0.9070419604150218,68.72343434606829,65.79499112045923,62.71616707329758,1
5,0,0,1,39,9,0.9915327758273865,31.283419752422002,82.38963816246643,31.534554454228044,0
14,0,0,0,46,31,0.20831539000851795,6.090554323518271,64.75197955701631,64.83188689352453,0
11,1,0,0,28,51,0.35543933736406175,70.15652656029422,96.89443971742911,50.50999599175718,0
9,1,1,0,46,14,0.6692190299248667,0.9827552569787845,71.39579478647715,45.93000939453651,1
34,1,1,0,27,83,0.48380253986064725,40.91825874584886,92.46586095822468,49.88669122870743,1
12,0,0,1,4,2,0.4183895333783335,32.937926930207574,51.713189201063805,56.69662122135324,1
35,1,0,1,15,36,0.35781124933559305,69.33775385188524,11.706441298186265,30.510617060715894,1
35,0,1,0,35,39,0.5937806319434522,76.62454727603789,52.81777214230171,64.86207425832991,0
1,0,1,1,37,71,0.575593428640082,30.409463597128383,12.68728280630933,47.86958101245571,0
22,1,1,1,1,39,0.16145783406424008,81.16270144448535,59.249347917640506,43.71866078800313,1
29,0,1,0,3,55,0.47173983751843906,29.391676050493377,48.24930605276629,35.529822625362286,0
8,1,1,0,47,22,0.5534717762098499,44.63263599865612,62.25753978327817,47.57861497433768,1
11,1,1,1,24,10,0.5702869387313905,72.7018527014134,1.0046981054831594,49.85291085137516,0
37,1,1,1,27,63,0.2101071929123518,69.29202292247886,19.484049165536412,46.14586777973911,0
14,1,1,0,40,7,0.7422713922522868,98.73684723122,49.13304319121309,57.14640375307589,0
30,1,1,0,36,92,0.025199094821069634,22.51610242159319,95.05035615891349,46.83586115036904,0
35,0,0,0,34,93,0.35483185554316266,66.23179135395823,38.360904035515844,68.45670311386294,0
21,0,0,1,29,55,0.7802126485356335,60.96819082757774,42.43720260536347,53.971100712943674,1
37,1,0,0,24,59,0.5638929210554023,91.509845449003,71.46960890066222,62.29911742607636,1
5,1,1,0,24,9,0.26116243251086024,15.636214164487505,60.3792757286118,34.37423612437915,0
19,0,0,1,42,38,0.6949531193430477,75.1798163586933,29.892615009833325,45.891651717836226,1
14,0,1,1,4,27,0.5673909441560734,56.826861626876834,41.08163955674278,43.473908057886106,0
26,0,1,1,3,48,0.7962436094563872,27.46658697879054,21.769979885723245,52.779295525463674,0
4,0,0,1,34,35,0.7350251861898234,47.44349141471741,96.60214591302085,64.44454080245703,0
25,1,1,1,49,12,0.6101079220362347,33.37765970697978,13.063438155735973,33.13352871048026,0
25,1,0,0,23,95,0.488177675310814,57.931340278846086,37.18367845664194,32.902991921788434,1
18,0,0,0,23,35,0.1331821256675234,88.90006108146659,2.583897222001119,64.01270832630397,0
8,1,0,1,45,25,0.26133301788538377,56.9304984412202,22.17794919335464,38.5140034415343,1
39,0,1,1,5,85,0.41909947291708527,63.17224183265841,78.04711383801549,56.750130177992546,0
14,1,0,1,31,3,0.5992992870063887,51.874784711470944,20.117523228887947,51.715125294432205,0
32,0,1,1,41,94,0.5137078552153048,5.116550644547591,8.00634025289656,63.315743795489176,1
38,1,0,1,6,81,0.2881845259595295,23.285855687609423,47.44531798445233,35.003556393456144,0
33,0,0,0,37,63,0.006464357789710551,49.20017294320827,0.9969234734518495,35.191318628904455,0
23,0,0,0,10,37,0.49623922190081393,31.023528374470477,8.476615442633317,52.272734411132305,1
15,1,1,0,40,87,0.2856259885622431,18.176359776119423,80.76258695629751,67.85514613433483,1
33,0,1,0,7,86,0.7346083007105351,50.41328419184383,77.14733448596064,46.59991033483017,1
25,1,1,1,39,21,0.02394626527048349,32.28097934478503,91.5138820404896,43.077684010187795,0
17,1,0,0,38,1,0.5848278113057909,25.810764317341473,85.45154359107495,54.26757292791543,0
33,0,0,1,21,30,0.9414742375060654,46.39854174403808,68.3175563239818,67.21794402180124,1
2,1,1,1,20,10,0.1744092671114995,13.328425808217315,5.233285730066283,63.47711331378495,1
14,1,1,1,3,91,0.47164949075059537,92.77457330754073,78.28486179866574,69.8193444293288,0
39,1,1,0,22,45,0.09142199181713817,86.7702097919239,84.55108108405605,30.902743328095085,0
6,1,1,1,47,95,0.6256819122613526,70.76205857405353,79.90821457719545,34.51432578851049,1
6,1,1,0,4,61,0.5505316805962256,10.621382758845622,50.847903530802604,54.378710534664876,1
3,0,1,0,28,68,0.40736552421283234,77.5877254469693,23.290183864948165,62.82305757335399,1
7,1,0,1,12,63,0.5213770214737412,80.7957328109019,84.53299756887267,41.40977369227066,1
8,1,1,1,38,9,0.8965746584690102,76.77646177143377,72.71628097401384,39.56844352136875,0
15,1,0,1,36,39,0.19629430231106704,11.396588711924116,98.07611743888516,61.479031975248034,0
29,1,0,0,47,23,0.022564511705347234,64.39079570677647,15.569259775593292,32.25527415412926,0
33,1,1,1,41,98,0.861664884699101,83.43247957493986,22.566458305205504,44.775305903303405,0
30,0,1,0,5,43,0.5771170823879065,57.73534012196677,21.17981498815027,50.232368903693185,1
39,1,0,1,13,59,0.8906584554618424,64.6407375228089,79.25397676213368,52.41394697401294,0
27,0,1,1,23,61,0.5969452234131726,45.83634794263062,18.690729645011817,59.144606271711076,1
36,0,1,0,30,86,0.8101610899597025,52.87073198840526,6.665982982330609,44.19382893722633,0
29,0,0,0,37,16,0.42967336335514794,3.4376858351725215,99.85608065856286,54.50737378698429,0
38,0,0,0,25,64,0.7498599312882688,63.89630219732846,2.4817211445149145,53.415016911638254,0
33,1,0,0,48,94,0.913041466889856,8.14472128911592,83.52440601588657,51.90464402614988,1
37,0,1,0,27,94,0.5721229637222063,43.50145943402234,36.53668415506528,55.61933172568849,0
27,0,0,0,14,56,0.18078515056237954,29.265509766740784,84.16154597578152,40.377966842723055,1
33,1,1,1,48,54,0.26879761503019817,54.54279502117131,55.4620491211145,33.38595014338516,1
4,1,0,1,47,52,0.19864457689740578,13.341633552320708,90.16312294863602,34.77086688158974,0
22,1,0,0,36,55,0.24685702759573291,69.16434019733182,92.61929864146266,38.983295306156045,1
2,0,0,1,39,97,0.3064154493510364,79.50115369284704,0.9098181280775997,50.00791742091141,0
10,1,1,0,16,8,0.5551337867531885,16.33544497431565,7.541217599278827,63.61771002184081,1
5,1,1,1,22,21,0.5879916294638328,10.431308735188216,25.035872957085548,58.05173368353536,0
10,0,0,1,21,12,0.4264997472418611,14.551548278735915,66.93154163635016,61.561624168081885,1
33,1,0,0,21,88,0.6154207798208354,87.71275618985017,88.8272196511506,44.03902495704365,1
38,1,0,0,8,47,0.08157492561136592,52.81892617563562,45.994195129396275,46.18614966594201,0
13,1,1,0,49,17,0.08778823705815997,46.72609960075026,60.697311627426544,45.74727543962452,0
31,1,0,1,16,75,0.17182946035765845,10.671181910235427,18.849985279556115,37.67492737618006,0
36,0,1,0,31,39,0.5180774980403448,64.95560067569618,80.49668338816853,32.44866632574288,0
24,1,0,1,42,16,0.21399467869831357,86.799959189509,96.73281113534698,53.63664371308907,1
15,1,0,0,10,14,0.28328440349257733,82.8185869323453,26.85989329145975,69.56866733682344,1
29,0,0,1,32,14,0.40031283617299407,62.60547089808013,49.48259516005463,36.673188198010514,1
8,1,0,1,34,78,0.8118661240103798,7.527871665167362,8.61161105063738,31.86739279597095,1
5,0,0,0,9,62,0.013862135912860118,11.239702717601297,55.91366564629684,61.181267272957314,0
29,1,0,1,17,38,0.6493788202366224,4.930898710982468,50.27834418466806,40.10344026738897,1
4,0,1,1,11,12,0.6688765310406853,25.74792164924693,14.44364841550776,63.18575221411714,0
12,0,0,0,32,80,0.7986557803566365,13.566146716037775,44.2066213118075,58.15746668138061,1
2,0,1,1,10,31,0.9327529390603132,26.004804025243388,33.410465208656326,67.82694148203218,0
27,0,0,0,22,8,0.020137848949289827,38.50580557189617,52.18308753051893,46.35708943026688,0
31,1,0,0,17,39,0.15378370551321618,94.29827840711357,58.565433542879916,56.47879357802537,0
36,0,1,0,4,19,0.886171294055993,61.03760597816921,0.8495578607209509,48.59419123253083,0
36,1,0,0,48,89,0.45851856218701537,83.49737856829623,76.10059829495553,55.22354789234174,0
26,0,1,1,47,90,0.5645906389334635,71.03515007123322,71.30142918617408,47.983956240309496,1
27,0,1,1,25,84,0.6630272037231474,11.250313052663174,36.62863862065222,37.545289856962995,0
5,0,0,1,21,81,0.6790666044956374,73.59204063739489,5.2935935568818255,50.315896640135236,1
20,1,1,0,37,76,0.9317404033165082,27.509888155912442,75.49325397850504,51.143368057497696,1
11,0,1,1,38,79,0.9969494174116696,63.91078469947063,95.51751604781325,62.42415393040644,0
10,1,0,1,49,72,0.7201574609309402,34.09619736429885,24.015159602201418,59.42082823174324,1
38,1,1,0,1,62,0.2872212092051508,99.76722632646592,32.35246137370379,56.55166495765776,1
6,1,0,0,25,75,0.8797524022943436,26.355147949677782,18.381288948181496,34.535483822102904,1
8,1,0,1,36,43,0.04922091454076161,27.913047077426967,57.693612334483966,58.8246516265486,0
23,1,0,0,17,37,0.2310808528744962,93.06722555623983,15.484139464745494,50.01220625418059,0
26,1,0,0,41,82,0.8973857174637149,2.464440463632267,35.619394346137945,65.76398144424637,0
12,1,1,0,24,59,0.25619151443935495,69.66889878731969,69.70130139342629,66.79483736522171,0
26,1,0,0,2,70,0.22065105962174847,72.53263907358782,56.01159830093484,32.20626362407142,1
13,1,0,1,40,98,0.13812529314024724,83.63785774103994,38.64625643279352,62.82566241417915,1
18,0,1,0,15,47,0.8591117576469165,97.44393106384753,42.02496018075419,31.507895616906826,1
25,0,0,0,32,17,0.5000582591910867,97.56019191566524,56.21108826232295,44.68678502780091,1
33,0,0,0,39,15,0.6748932030541548,6.527675756646389,0.5864727887161303,51.69199902484316,1
12,0,1,0,6,54,0.23906638407502967,82.18393227529025,7.8509868453609855,35.9240319450851,1
36,0,1,0,1,38,0.7580404210112165,64.63099336573814,88.12580677630116,59.852552502763075,0
4,1,1,0,47,67,0.7600055449620985,64.73421343730912,7.787898909129076,30.334188166885543,1
5,1,1,0,23,58,0.31259802490830013,12.83499266146948,70.68035962105051,36.743961937361476,1
37,1,1,0,39,88,0.41068263301028285,65.01871664456533,92.00381641090526,53.23187319413903,1
8,1,1,1,17,95,0.20969027743020086,98.24825806012478,27.06836043017311,58.5755024814917,0
28,1,1,0,34,61,0.9765610233229043,91.1818569539447,37.04914370595142,66.66572410775665,1
31,1,0,1,41,12,0.6456025770584116,43.91306608048505,56.892140584471626,58.21986607738495,1
9,1,1,0,29,80,0.9345438807155155,3.994797328609434,88.17089696385847,56.87117081019464,0
29,0,1,0,9,5,0.30338554362913317,36.229349000020484,94.19055872604201,45.77364585402657,1
14,0,1,0,13,82,0.7818909129968897,82.63903116005552,73.9563248111268,30.051377021072057,0
22,0,0,0,6,76,0.765858643884742,70.1499101465166,8.661976085469403,34.80637034942488,0
11,0,0,1,6,59,0.6916556518665415,45.93436555939564,66.91541555348508,51.38218179024157,1
23,1,1,0,20,89,0.9656389752668004,5.510153515883109,41.03037218726621,57.00519543377679,1
1,1,1,0,3,13,0.39355533610631555,42.68947278233026,47.07009994910616,46.6979313558585,0
37,1,1,1,17,94,0.1307173235897573,46.90249397178835,4.914839034517704,59.22716046113561,1
21,0,0,1,49,53,0.6717088592440608,92.85555328941359,19.106213934635818,50.87449181328715,1
26,1,0,0,12,3,0.7293098004772062,64.10861035821594,79.05136075336478,32.96704782377249,0
36,1,1,1,48,38,0.5750605734588147,31.16529166546489,45.395883304785976,37.68065003871796,0
23,1,0,1,47,71,0.20681789313339627,52.53182644507214,30.166224163114887,63.599928929757716,1
1,0,1,1,45,24,0.5044559416693554,6.605530782216007,38.401907396495815,58.99650986497758,0
15,1,0,0,1,76,0.3121897365691294,97.25682356497369,85.43995133256801,65.7904794804998,1
21,0,0,0,17,31,0.42746652816668906,36.0059901930726,74.8999017404957,34.70228996483746,1
9,0,1,0,3,58,0.6452185758446639,47.78673549131358,27.231539718108277,69.60890138460296,1
9,0,1,1,26,62,0.7452147426908345,35.52839742369226,11.750184021237331,38.37626855799734,1
10,0,1,0,15,37,0.23222469090134312,68.25117301162001,25.19982216440717,30.47119505146568,0
26,1,1,1,36,91,0.40532536064695335,66.2232158329593,92.07564510547337,69.89691756214216,1
35,0,0,0,32,52,0.2691615709916292,71.53223105291356,58.15888378497554,41.242955417804524,0
25,0,0,0,32,93,0.19863161386186912,26.814322961192083,53.34802087447829,56.7207781005024,1
26,1,0,1,4,66,0.7833872199958384,31.566848116406597,59.63935996924615,37.067292567052206,1
11,1,1,0,18,27,0.9092526944369924,12.525123109620795,36.60282657465152,53.209141287965664,0
38,0,0,1,49,2,0.3702321856845767,65.55099718461126,80.71070203195127,66.16139945818237,1
2,1,1,1,19,97,0.7512789243737669,3.979712733565255,52.32862493002498,42.80724669713754,0
7,0,0,0,43,79,0.8969952893644111,59.768233552345905,11.674790276879554,56.81015904177437,0
18,0,1,1,35,21,0.8461242105302316,86.96958848516338,12.906512482906296,37.51614355193666,1
27,0,1,0,40,95,0.1828133885392259,89.08321482896335,53.685914650261836,54.99181594874901,1
